ID,Class
5716,HOROZ
11812,DERMASON
8487,SIRA
19893,CALI
20554,CALI
23694,SEKER
12756,DERMASON
8299,SIRA
11866,DERMASON
24285,SIRA
718,SEKER
15956,BOMBAY
3799,BOMBAY
9240,SIRA
14023,BARBUNYA
12590,DERMASON
283,SEKER
8925,SIRA
7258,HOROZ
5286,CALI
21231,HOROZ
9276,SIRA
23408,SEKER
7808,SIRA
24249,SIRA
14880,BARBUNYA
8018,SIRA
7097,HOROZ
4048,CALI
23745,SEKER
1288,SEKER
8416,SIRA
10959,DERMASON
22448,SEKER
17378,BOMBAY
20044,CALI
4982,CALI
640,SEKER
6409,HOROZ
16744,BOMBAY
7270,HOROZ
12589,DERMASON
1911,SEKER
5357,CALI
2140,BARBUNYA
16730,BOMBAY
18317,BOMBAY
15589,BARBUNYA
20334,CALI
11811,DERMASON
23237,SEKER
21707,HOROZ
9345,SIRA
15885,BOMBAY
17989,BOMBAY
10499,DERMASON
23547,SEKER
2290,BARBUNYA
23130,SEKER
3979,CALI
21451,HOROZ
3919,CALI
1834,SEKER
1530,SEKER
24421,SIRA
5483,CALI
10137,DERMASON
15004,BARBUNYA
10933,DERMASON
1765,SEKER
6480,HOROZ
20470,CALI
18741,BOMBAY
5564,HOROZ
9427,SIRA
23274,SEKER
6281,HOROZ
24016,SIRA
23103,SEKER
12090,DERMASON
17581,BOMBAY
20531,CALI
3426,BOMBAY
11011,DERMASON
9383,SIRA
18943,CALI
19750,CALI
23019,SEKER
20376,CALI
5478,CALI
13658,BARBUNYA
1103,SEKER
18303,BOMBAY
13061,DERMASON
22007,HOROZ
5215,CALI
1456,SIRA
7676,SIRA
21953,HOROZ
7639,SIRA
3308,BARBUNYA
8087,SIRA
18106,BOMBAY
18130,BOMBAY
7800,SIRA
12811,DERMASON
22166,HOROZ
13559,BARBUNYA
14943,BARBUNYA
11585,DERMASON
3433,BOMBAY
16875,BOMBAY
6906,HOROZ
6674,HOROZ
10989,DERMASON
5047,CALI
10710,DERMASON
2974,BARBUNYA
14985,BARBUNYA
6692,HOROZ
22730,SEKER
5597,HOROZ
14662,BARBUNYA
4149,CALI
22989,SEKER
19597,CALI
3296,BARBUNYA
10221,DERMASON
8608,SEKER
4653,BARBUNYA
16995,BOMBAY
23399,SEKER
7738,SIRA
10256,DERMASON
6027,HOROZ
1512,SEKER
4191,CALI
5391,CALI
15633,BARBUNYA
16597,BOMBAY
8505,SIRA
3609,BOMBAY
12530,DERMASON
17962,BOMBAY
24450,SIRA
8763,SIRA
21653,HOROZ
1493,SEKER
866,SEKER
6244,HOROZ
15247,BARBUNYA
7488,SIRA
12824,DERMASON
19671,CALI
2055,BARBUNYA
9750,SIRA
733,SEKER
2604,BARBUNYA
12865,SEKER
14689,BARBUNYA
2362,BARBUNYA
4639,CALI
18298,BOMBAY
12958,SEKER
8477,SIRA
6014,SIRA
11770,DERMASON
15739,BARBUNYA
14624,BARBUNYA
13118,SIRA
2034,BARBUNYA
16611,BOMBAY
22334,HOROZ
21242,HOROZ
16545,BOMBAY
18457,BOMBAY
15583,BARBUNYA
12170,DERMASON
9136,SIRA
7719,SIRA
15645,BARBUNYA
5954,HOROZ
3548,BOMBAY
17682,BOMBAY
22774,SEKER
16631,BOMBAY
11265,DERMASON
9801,SIRA
20096,CALI
10777,DERMASON
17734,BOMBAY
17133,BOMBAY
2751,CALI
8639,SIRA
19379,CALI
20240,CALI
19631,CALI
11804,DERMASON
19879,CALI
14956,BARBUNYA
7653,DERMASON
11305,DERMASON
9899,SIRA
24174,SIRA
17397,BOMBAY
3053,BARBUNYA
4206,CALI
20206,CALI
12947,DERMASON
4186,CALI
17346,BOMBAY
5940,HOROZ
12011,DERMASON
14510,BARBUNYA
22201,HOROZ
23417,SEKER
23999,SIRA
17115,BOMBAY
22335,HOROZ
3068,BARBUNYA
4569,CALI
1346,SEKER
19471,CALI
10274,DERMASON
11301,DERMASON
15456,BARBUNYA
6270,HOROZ
22840,SEKER
9545,SIRA
14383,BARBUNYA
5217,CALI
14590,BARBUNYA
13748,BARBUNYA
1227,SEKER
9698,SIRA
5128,CALI
19047,CALI
7703,DERMASON
15760,BARBUNYA
5503,HOROZ
20726,HOROZ
4447,CALI
16784,BOMBAY
4821,CALI
7974,SIRA
19730,CALI
15205,BARBUNYA
12506,DERMASON
14151,SIRA
15698,BARBUNYA
3585,BOMBAY
18980,CALI
4416,CALI
9960,SIRA
4031,CALI
7739,SIRA
14223,BARBUNYA
2153,BARBUNYA
17105,BOMBAY
21911,HOROZ
24529,SIRA
5071,CALI
9498,SIRA
11932,DERMASON
23154,SEKER
20400,CALI
99,SEKER
5218,CALI
22905,SEKER
9547,SIRA
1087,SEKER
3860,BOMBAY
4037,CALI
13150,DERMASON
20375,CALI
12814,DERMASON
2281,BARBUNYA
12438,DERMASON
963,SEKER
14784,BARBUNYA
6527,HOROZ
14099,BARBUNYA
24821,SIRA
10044,DERMASON
11792,DERMASON
18915,CALI
12701,DERMASON
22272,HOROZ
19341,CALI
1888,SEKER
6715,HOROZ
11337,DERMASON
250,SEKER
12859,DERMASON
1684,SEKER
516,SEKER
3843,BOMBAY
10924,DERMASON
6234,HOROZ
18854,CALI
19304,CALI
21395,SIRA
15442,BARBUNYA
3421,BOMBAY
18927,CALI
1889,SEKER
12218,DERMASON
13310,SIRA
19287,CALI
8170,SIRA
75,SEKER
1808,SEKER
6425,HOROZ
22707,SEKER
34,SEKER
4844,CALI
19705,CALI
15258,BARBUNYA
9189,SIRA
17659,BOMBAY
1940,SEKER
12303,DERMASON
3197,BARBUNYA
19641,CALI
10300,DERMASON
16201,BOMBAY
15593,BARBUNYA
23722,SEKER
15060,BARBUNYA
9391,SIRA
15448,BARBUNYA
6522,HOROZ
8657,SIRA
7608,SIRA
8932,SIRA
2559,BARBUNYA
6779,HOROZ
21171,HOROZ
10705,DERMASON
17102,BOMBAY
8617,SIRA
23442,SEKER
14304,BARBUNYA
19841,BARBUNYA
20408,CALI
9401,SIRA
10608,DERMASON
11809,DERMASON
22402,SEKER
24389,SIRA
13961,BARBUNYA
7397,DERMASON
19317,CALI
24656,SIRA
23737,SEKER
14905,BARBUNYA
12538,DERMASON
24510,SIRA
10122,DERMASON
11443,DERMASON
9796,SIRA
10092,DERMASON
20442,CALI
7969,SIRA
17544,BOMBAY
2884,BARBUNYA
17163,BOMBAY
19693,CALI
1603,SEKER
1815,SEKER
1336,SEKER
12587,SEKER
12439,DERMASON
20165,BARBUNYA
52,SEKER
22373,HOROZ
24371,SIRA
3064,BARBUNYA
17876,BOMBAY
7536,DERMASON
16141,BOMBAY
8778,SIRA
14530,BARBUNYA
19958,CALI
24263,SIRA
23238,SEKER
9761,SIRA
2698,BARBUNYA
18958,CALI
7683,DERMASON
21950,HOROZ
7576,DERMASON
17950,BOMBAY
21074,HOROZ
23152,SEKER
14804,BARBUNYA
6188,HOROZ
20437,CALI
3470,BOMBAY
10624,DERMASON
194,SEKER
501,SEKER
21463,HOROZ
24241,SIRA
6657,CALI
7658,SIRA
4143,CALI
10890,DERMASON
6052,HOROZ
346,SEKER
12005,DERMASON
626,SEKER
2587,BARBUNYA
10030,DERMASON
21898,HOROZ
8807,SIRA
18550,BOMBAY
4170,BARBUNYA
10575,DERMASON
16270,BOMBAY
18307,BOMBAY
20928,HOROZ
16950,BOMBAY
18126,BOMBAY
230,SEKER
4245,HOROZ
11153,DERMASON
11509,DERMASON
8489,SIRA
12965,SIRA
23395,SEKER
16960,BOMBAY
21453,HOROZ
423,SEKER
4843,CALI
17403,BOMBAY
6466,HOROZ
23385,SEKER
12983,DERMASON
8843,SIRA
11257,DERMASON
13872,BARBUNYA
3725,BOMBAY
7944,SIRA
9284,SIRA
23551,SEKER
6649,HOROZ
23888,SEKER
23762,SEKER
18786,BOMBAY
20268,CALI
14960,BARBUNYA
7841,DERMASON
12029,DERMASON
18781,BOMBAY
7901,SIRA
13649,BARBUNYA
11608,DERMASON
23249,SEKER
18699,BOMBAY
10781,DERMASON
21188,HOROZ
1190,SEKER
16845,BOMBAY
18283,BOMBAY
428,SEKER
9684,HOROZ
14866,BARBUNYA
536,SEKER
17814,BOMBAY
24651,SIRA
1056,SEKER
4774,CALI
1713,SEKER
12233,DERMASON
24321,SIRA
23754,SEKER
10128,DERMASON
24710,SIRA
19388,CALI
16467,BOMBAY
6918,HOROZ
1747,SEKER
18984,CALI
14329,BARBUNYA
3547,BOMBAY
11031,DERMASON
6887,HOROZ
12687,DERMASON
259,SEKER
9725,SIRA
17103,BOMBAY
20564,CALI
280,SEKER
22898,SEKER
15713,BARBUNYA
4702,CALI
5114,CALI
9150,SIRA
3616,BOMBAY
9185,SIRA
3931,BARBUNYA
2420,BARBUNYA
19417,CALI
15041,SIRA
8757,SIRA
1644,SEKER
8492,SIRA
18914,CALI
6846,HOROZ
5792,HOROZ
6237,HOROZ
22429,SEKER
11021,DERMASON
6438,HOROZ
6442,HOROZ
21444,HOROZ
22658,SEKER
11584,DERMASON
23752,SEKER
6354,HOROZ
5545,HOROZ
18110,BOMBAY
1113,SEKER
17547,BOMBAY
17404,BOMBAY
10764,DERMASON
12739,DERMASON
18338,BOMBAY
17026,BOMBAY
8873,SIRA
2838,BARBUNYA
2851,BARBUNYA
20484,CALI
7907,SIRA
16253,BOMBAY
19095,CALI
9194,SIRA
22965,SEKER
5598,HOROZ
19310,CALI
21029,HOROZ
5928,HOROZ
2412,BARBUNYA
20006,CALI
4189,CALI
14805,BARBUNYA
4413,CALI
9645,SIRA
9129,SIRA
20745,BARBUNYA
17146,BOMBAY
9161,SIRA
19199,CALI
16186,BOMBAY
9568,SIRA
3035,CALI
19606,CALI
13408,SIRA
18541,BOMBAY
11535,DERMASON
20338,CALI
24150,SIRA
13967,BARBUNYA
13165,DERMASON
12423,DERMASON
18738,BOMBAY
3223,BARBUNYA
23538,SEKER
10818,DERMASON
20250,CALI
14236,BARBUNYA
199,SEKER
8900,SIRA
20077,CALI
6434,HOROZ
6381,HOROZ
14947,BARBUNYA
10727,DERMASON
9026,SIRA
512,SEKER
9602,SIRA
13199,DERMASON
13829,BARBUNYA
12422,DERMASON
24177,SIRA
21314,HOROZ
18843,CALI
6332,HOROZ
4093,CALI
14615,BARBUNYA
18119,BOMBAY
14810,BARBUNYA
5504,DERMASON
3792,BOMBAY
147,SEKER
11853,DERMASON
22188,HOROZ
14443,BARBUNYA
13761,BARBUNYA
6384,HOROZ
2724,BARBUNYA
11937,DERMASON
8673,SIRA
11879,DERMASON
22875,SEKER
3703,BOMBAY
12402,DERMASON
9905,SIRA
2516,BARBUNYA
3739,BOMBAY
2166,BARBUNYA
14902,BARBUNYA
13431,DERMASON
6919,HOROZ
23487,SEKER
23733,SEKER
23748,SEKER
3222,BARBUNYA
20941,HOROZ
8602,SIRA
18275,BOMBAY
18327,BOMBAY
1710,SEKER
18131,BOMBAY
14856,BARBUNYA
7088,HOROZ
17610,BOMBAY
20406,CALI
8796,SIRA
10646,DERMASON
7567,SIRA
7482,SIRA
11311,DERMASON
6421,HOROZ
19153,CALI
15824,BOMBAY
12897,DERMASON
24349,DERMASON
4580,CALI
17983,BOMBAY
21557,HOROZ
16084,BOMBAY
23015,SIRA
8889,SIRA
22305,HOROZ
4160,CALI
1818,SEKER
18986,CALI
7712,SIRA
20435,CALI
9405,SIRA
1108,SEKER
6624,HOROZ
15797,BOMBAY
15354,BARBUNYA
10533,DERMASON
8451,SIRA
3971,CALI
16970,BOMBAY
18582,BOMBAY
24405,SIRA
3418,BOMBAY
5198,CALI
3498,BOMBAY
7779,SIRA
20431,CALI
12617,DERMASON
19289,CALI
9952,SIRA
13695,BARBUNYA
22563,SEKER
19788,CALI
2762,BARBUNYA
15365,BARBUNYA
9061,SIRA
17402,BOMBAY
7748,DERMASON
20427,CALI
4059,CALI
5348,CALI
8497,SIRA
4252,BARBUNYA
21842,HOROZ
24093,SIRA
24287,SIRA
20382,CALI
23577,SEKER
312,SEKER
11105,DERMASON
2171,BARBUNYA
16290,BOMBAY
3023,BARBUNYA
10423,DERMASON
21629,SIRA
9811,SIRA
18127,BOMBAY
10987,DERMASON
18302,BOMBAY
2201,BARBUNYA
3230,BARBUNYA
1822,SEKER
19085,CALI
11253,DERMASON
16107,BOMBAY
22424,SEKER
4950,CALI
18063,BOMBAY
21688,HOROZ
6483,HOROZ
21273,HOROZ
9773,SIRA
15212,BARBUNYA
5572,HOROZ
6599,HOROZ
3503,BOMBAY
3047,BARBUNYA
14001,BARBUNYA
2905,BARBUNYA
21245,HOROZ
23954,SIRA
3806,BOMBAY
10175,DERMASON
8528,SIRA
1915,SEKER
6419,HOROZ
14528,BARBUNYA
10091,DERMASON
5721,HOROZ
16153,BOMBAY
22058,HOROZ
18029,BOMBAY
14978,BARBUNYA
2752,BARBUNYA
14055,BARBUNYA
5325,CALI
3398,BOMBAY
24505,SIRA
1052,SEKER
4540,CALI
13587,BARBUNYA
5140,CALI
8852,SIRA
5554,HOROZ
1246,SEKER
20052,CALI
4706,CALI
14315,BARBUNYA
13758,BARBUNYA
11282,DERMASON
18246,BOMBAY
10990,DERMASON
7921,SIRA
9857,SIRA
11056,DERMASON
19570,CALI
15340,BARBUNYA
15107,BARBUNYA
12738,DERMASON
9901,SIRA
6252,HOROZ
7294,HOROZ
18018,BOMBAY
18672,BOMBAY
20842,HOROZ
20247,CALI
16887,BOMBAY
22848,SEKER
3211,BARBUNYA
19026,CALI
15742,BARBUNYA
520,SEKER
12245,DERMASON
11487,DERMASON
11547,DERMASON
4596,CALI
5847,HOROZ
2119,SIRA
6216,HOROZ
12101,DERMASON
14790,BARBUNYA
22365,HOROZ
7930,SIRA
7877,SIRA
19279,CALI
13887,BARBUNYA
438,SEKER
9994,HOROZ
4884,CALI
5502,DERMASON
7301,HOROZ
14569,BARBUNYA
18132,BOMBAY
2813,CALI
15218,BARBUNYA
22278,HOROZ
21922,HOROZ
22109,HOROZ
12781,DERMASON
23730,SEKER
15793,BOMBAY
4705,CALI
22276,HOROZ
12250,DERMASON
22086,HOROZ
681,SEKER
8452,SIRA
19761,CALI
19902,CALI
11868,DERMASON
17527,BOMBAY
2641,BARBUNYA
5771,HOROZ
3488,BOMBAY
17593,BOMBAY
20540,CALI
23597,SEKER
2222,BARBUNYA
23343,SEKER
23240,SEKER
17597,BOMBAY
12347,SEKER
21433,HOROZ
19236,CALI
15290,BARBUNYA
21328,HOROZ
8178,SIRA
2734,BARBUNYA
21079,HOROZ
538,SEKER
14546,BARBUNYA
11502,DERMASON
19801,CALI
21694,HOROZ
11553,DERMASON
16189,BOMBAY
10854,DERMASON
17753,BOMBAY
11522,DERMASON
10861,DERMASON
10520,DERMASON
8551,SIRA
24626,SIRA
3502,BOMBAY
11697,DERMASON
15264,BARBUNYA
22069,HOROZ
11450,DERMASON
4286,CALI
3396,BOMBAY
22809,SEKER
8248,SIRA
1201,SEKER
12896,SIRA
4344,CALI
14431,BARBUNYA
3111,CALI
6904,HOROZ
14487,BARBUNYA
397,SEKER
2830,BARBUNYA
6279,HOROZ
16255,BOMBAY
20071,CALI
9534,SIRA
14177,BARBUNYA
22342,HOROZ
16712,BOMBAY
6003,HOROZ
17431,BOMBAY
6134,HOROZ
7924,SIRA
6892,HOROZ
4424,CALI
10354,DERMASON
12326,DERMASON
5354,CALI
5550,HOROZ
1347,SEKER
17585,BOMBAY
20367,CALI
10877,DERMASON
15880,BOMBAY
17816,BOMBAY
15730,BARBUNYA
21604,HOROZ
21802,HOROZ
12382,DERMASON
2619,CALI
5857,SIRA
16132,BOMBAY
6399,HOROZ
11408,DERMASON
21341,HOROZ
9977,HOROZ
4235,CALI
14105,BARBUNYA
16384,BOMBAY
14800,SIRA
17253,BOMBAY
24728,SIRA
4449,CALI
13340,DERMASON
12211,DERMASON
7174,HOROZ
11607,DERMASON
15227,BARBUNYA
1114,SEKER
15701,BARBUNYA
16815,BOMBAY
3100,BARBUNYA
752,SEKER
15452,BARBUNYA
5019,CALI
2061,BARBUNYA
12745,DERMASON
15723,BARBUNYA
7811,SIRA
2232,BARBUNYA
20805,HOROZ
3794,BOMBAY
873,SEKER
23057,SEKER
2442,CALI
3352,BOMBAY
16228,BOMBAY
6974,HOROZ
18065,BOMBAY
959,SEKER
14961,BARBUNYA
8029,SIRA
9296,SIRA
14147,BARBUNYA
24563,SIRA
21450,HOROZ
2325,BARBUNYA
1483,SEKER
11290,DERMASON
14393,BARBUNYA
11313,DERMASON
22024,HOROZ
22722,SEKER
16308,BOMBAY
4219,CALI
2386,BARBUNYA
3964,CALI
20032,CALI
1968,SEKER
10463,DERMASON
13744,BARBUNYA
6215,HOROZ
3181,BARBUNYA
1202,SEKER
2764,BARBUNYA
21609,HOROZ
3073,BARBUNYA
5096,CALI
15877,BOMBAY
14216,BARBUNYA
5532,HOROZ
3070,BARBUNYA
4101,CALI
21669,HOROZ
3745,BOMBAY
9585,SIRA
1457,SEKER
9132,SIRA
13597,BARBUNYA
9931,SIRA
1921,SEKER
22669,SEKER
17339,BOMBAY
17381,BOMBAY
22657,SEKER
19429,CALI
11209,DERMASON
22554,SEKER
22775,SEKER
127,SEKER
5163,CALI
6920,BARBUNYA
3366,BOMBAY
3014,BARBUNYA
15053,BARBUNYA
21770,HOROZ
20571,CALI
12016,DERMASON
2505,BARBUNYA
10342,DERMASON
11000,DERMASON
17362,BOMBAY
24103,SIRA
10094,DERMASON
10438,DERMASON
5589,HOROZ
1743,SEKER
23368,SEKER
6863,HOROZ
17173,BOMBAY
12302,DERMASON
8931,SIRA
996,SEKER
20299,CALI
1122,SEKER
964,SEKER
19102,CALI
5923,HOROZ
13696,BARBUNYA
22213,HOROZ
22567,SEKER
15180,BARBUNYA
14848,BARBUNYA
11476,DERMASON
16206,BOMBAY
221,SEKER
24082,SIRA
20768,HOROZ
19669,CALI
18947,CALI
6029,HOROZ
5841,HOROZ
20202,CALI
2812,BARBUNYA
18056,BOMBAY
9926,SIRA
17425,BOMBAY
21813,HOROZ
503,SEKER
6400,HOROZ
17307,BOMBAY
7916,SIRA
16337,BOMBAY
17893,BOMBAY
10620,DERMASON
2647,BARBUNYA
15634,BARBUNYA
20951,HOROZ
20851,HOROZ
13624,BARBUNYA
3740,BOMBAY
5333,CALI
928,SEKER
3113,BARBUNYA
21192,HOROZ
4400,CALI
17271,BOMBAY
13524,SEKER
2214,BARBUNYA
3581,BOMBAY
4977,CALI
19703,CALI
9134,SIRA
7547,DERMASON
8618,SIRA
17124,BOMBAY
16677,BOMBAY
11503,DERMASON
6128,HOROZ
5719,HOROZ
6077,HOROZ
13326,DERMASON
7861,SIRA
13162,DERMASON
18027,BOMBAY
10853,DERMASON
19048,CALI
23250,SEKER
13950,BARBUNYA
4397,CALI
5862,HOROZ
11160,DERMASON
14454,BARBUNYA
8614,SIRA
9841,SIRA
22759,SEKER
11557,DERMASON
7495,SIRA
1729,SEKER
11869,DERMASON
17407,BOMBAY
6706,HOROZ
10687,DERMASON
2937,BARBUNYA
10316,DERMASON
19504,CALI
2476,BARBUNYA
21871,HOROZ
20902,HOROZ
3000,BARBUNYA
5225,CALI
19303,CALI
9757,SIRA
23097,SEKER
12936,DERMASON
19083,CALI
6538,HOROZ
19932,CALI
20722,HOROZ
17149,BOMBAY
21183,HOROZ
12844,DERMASON
6462,HOROZ
22866,SEKER
17178,BOMBAY
10596,DERMASON
5098,CALI
17035,BOMBAY
6562,HOROZ
24087,SIRA
12534,DERMASON
10995,DERMASON
21211,HOROZ
4336,CALI
13366,DERMASON
4405,CALI
6891,HOROZ
14508,BARBUNYA
17931,BOMBAY
5657,HOROZ
2300,BARBUNYA
3876,SIRA
13506,SIRA
4788,CALI
9831,SIRA
7049,HOROZ
5815,HOROZ
2168,BARBUNYA
14614,BARBUNYA
17455,BOMBAY
20690,CALI
6307,HOROZ
21934,HOROZ
4936,CALI
15788,BOMBAY
18815,CALI
20055,CALI
11521,DERMASON
970,SEKER
9701,SIRA
6481,HOROZ
20577,CALI
15843,BOMBAY
11395,DERMASON
23904,SEKER
1972,SIRA
14583,BARBUNYA
23715,SEKER
22040,HOROZ
12227,DERMASON
1009,SEKER
4534,CALI
210,DERMASON
23145,SEKER
16675,BOMBAY
19237,CALI
16287,BOMBAY
20362,CALI
17752,BOMBAY
6930,HOROZ
10157,DERMASON
22904,SEKER
5214,CALI
23997,SIRA
2266,BARBUNYA
9400,SIRA
13862,BARBUNYA
649,SEKER
18137,BOMBAY
217,SEKER
12481,DERMASON
16801,BOMBAY
3974,CALI
2229,BARBUNYA
8285,SIRA
22193,HOROZ
24478,SIRA
3256,CALI
23884,SEKER
2408,BARBUNYA
6051,HOROZ
24124,SIRA
7445,DERMASON
19612,CALI
21739,HOROZ
13229,DERMASON
20711,HOROZ
19742,CALI
11598,DERMASON
4070,CALI
22631,SEKER
9197,SIRA
15080,BARBUNYA
22088,HOROZ
17259,BOMBAY
5549,HOROZ
2635,BARBUNYA
14265,BARBUNYA
2361,BARBUNYA
23342,SEKER
1475,SEKER
9559,SIRA
17466,BOMBAY
16392,BOMBAY
6352,HOROZ
17786,BOMBAY
23740,SEKER
16961,BOMBAY
8979,SIRA
4140,CALI
14167,BARBUNYA
16758,BOMBAY
16407,BOMBAY
14751,BARBUNYA
8576,SIRA
22269,HOROZ
134,SEKER
7337,HOROZ
16187,BOMBAY
17243,BOMBAY
14592,BARBUNYA
22465,SEKER
12917,SIRA
10580,DERMASON
5436,CALI
16656,BOMBAY
14857,BARBUNYA
8985,SIRA
15031,BARBUNYA
17782,BOMBAY
22242,HOROZ
19468,CALI
19712,CALI
1599,SEKER
8407,SIRA
9932,SIRA
18224,BOMBAY
16792,BOMBAY
3351,BOMBAY
2885,CALI
9539,SIRA
8197,SIRA
9872,SIRA
17548,BOMBAY
23879,SEKER
17180,BOMBAY
8453,SIRA
20139,CALI
819,SEKER
2864,BARBUNYA
5883,HOROZ
13819,BARBUNYA
15665,BARBUNYA
18982,CALI
8603,SIRA
4807,CALI
15273,BARBUNYA
1063,SEKER
19121,CALI
24419,SIRA
91,SEKER
7071,HOROZ
943,SEKER
2299,BARBUNYA
16772,BOMBAY
23272,SEKER
11481,DERMASON
16068,BOMBAY
447,SEKER
13690,BARBUNYA
22362,HOROZ
3776,BOMBAY
22957,SEKER
24354,SIRA
22034,HOROZ
9043,SIRA
7668,DERMASON
7584,DERMASON
8765,SEKER
12850,DERMASON
3734,BOMBAY
17261,BOMBAY
11661,DERMASON
13084,DERMASON
14747,BARBUNYA
10132,DERMASON
22861,SEKER
748,SEKER
5689,HOROZ
8008,SIRA
20336,CALI
12044,DERMASON
19022,CALI
8174,SIRA
18528,BOMBAY
18150,BOMBAY
23585,SEKER
21854,HOROZ
8082,SIRA
21685,HOROZ
119,SEKER
5784,HOROZ
12805,SEKER
4282,CALI
167,SEKER
20050,CALI
14340,BARBUNYA
21200,HOROZ
6607,HOROZ
7713,SIRA
23074,SEKER
23974,SIRA
1427,SEKER
17914,BOMBAY
247,SEKER
15482,BARBUNYA
22214,HOROZ
19138,CALI
13520,SIRA
12778,DERMASON
10560,DERMASON
2727,BARBUNYA
16948,BOMBAY
4420,CALI
15085,BARBUNYA
14861,BARBUNYA
8670,SIRA
19525,CALI
6725,HOROZ
9888,SIRA
10075,DERMASON
10883,DERMASON
2084,BARBUNYA
4688,CALI
9902,SIRA
11764,DERMASON
7603,DERMASON
8193,SIRA
180,SEKER
20081,CALI
3559,BOMBAY
16263,BOMBAY
3393,BOMBAY
13202,SIRA
469,DERMASON
20917,HOROZ
7539,DERMASON
9037,SIRA
6948,HOROZ
16534,BOMBAY
14659,BARBUNYA
5018,CALI
8517,SIRA
20826,HOROZ
22670,SEKER
6415,HOROZ
6308,HOROZ
6646,HOROZ
8151,SIRA
14224,BARBUNYA
10645,DERMASON
14420,BARBUNYA
21766,HOROZ
9112,SIRA
19496,CALI
14668,BARBUNYA
4579,CALI
15986,BOMBAY
14176,BARBUNYA
5183,CALI
21676,HOROZ
2561,BARBUNYA
24266,SIRA
13291,DERMASON
20410,CALI
9889,HOROZ
17852,BOMBAY
10747,DERMASON
7558,SIRA
3382,BOMBAY
19148,CALI
21784,HOROZ
19872,CALI
12639,DERMASON
7204,HOROZ
5610,HOROZ
18033,BOMBAY
15241,BARBUNYA
13756,BARBUNYA
7178,HOROZ
7033,HOROZ
1297,SEKER
24531,SIRA
10697,DERMASON
2707,BARBUNYA
24295,SIRA
3820,BOMBAY
635,SEKER
3318,BARBUNYA
23758,SEKER
23716,SEKER
10610,DERMASON
18438,BOMBAY
3473,BOMBAY
15818,BOMBAY
16477,BOMBAY
2858,BARBUNYA
14707,BARBUNYA
2388,BARBUNYA
22267,HOROZ
10362,DERMASON
12274,DERMASON
6835,HOROZ
6777,HOROZ
5259,CALI
10475,DERMASON
2766,BARBUNYA
21318,HOROZ
1045,SEKER
19052,CALI
24633,SIRA
2859,BARBUNYA
4550,CALI
6390,HOROZ
3362,BOMBAY
6946,HOROZ
14548,BARBUNYA
4990,CALI
29,SEKER
14602,BARBUNYA
15094,BARBUNYA
20782,HOROZ
11107,DERMASON
20985,HOROZ
21390,HOROZ
16502,BOMBAY
19367,CALI
22923,SEKER
2929,BARBUNYA
3813,BOMBAY
3690,BOMBAY
13592,BARBUNYA
21129,HOROZ
18097,BOMBAY
10138,DERMASON
960,SEKER
984,SEKER
18185,BOMBAY
6844,HOROZ
11163,DERMASON
6959,HOROZ
24062,SIRA
22494,SEKER
8114,SIRA
7589,DERMASON
8542,SIRA
2595,BARBUNYA
5513,HOROZ
12372,DERMASON
9626,SIRA
341,SEKER
291,SEKER
6455,HOROZ
4322,CALI
12787,DERMASON
13691,BARBUNYA
6944,HOROZ
18456,BOMBAY
16026,BOMBAY
19791,CALI
3707,BOMBAY
19263,CALI
2173,BARBUNYA
20045,CALI
19081,CALI
4739,CALI
21780,HOROZ
8568,SIRA
6750,HOROZ
23821,SEKER
3778,BOMBAY
19172,CALI
11808,DERMASON
3752,BOMBAY
10812,DERMASON
9100,SIRA
22012,HOROZ
22255,HOROZ
24095,SIRA
20558,CALI
3274,BARBUNYA
21313,DERMASON
13627,BARBUNYA
15537,BARBUNYA
23208,SEKER
23120,SEKER
20401,CALI
14225,BARBUNYA
10667,DERMASON
15484,BARBUNYA
13177,SIRA
8779,SIRA
20809,HOROZ
4556,CALI
6628,HOROZ
15122,BARBUNYA
5449,CALI
22035,HOROZ
18797,CALI
5160,CALI
24404,SIRA
12599,DERMASON
15700,BARBUNYA
10084,DERMASON
10337,DERMASON
8124,SIRA
9791,SIRA
9861,SIRA
8188,SIRA
10454,DERMASON
17556,BOMBAY
12223,DERMASON
23462,SEKER
7908,SIRA
2790,CALI
20166,CALI
4740,CALI
1339,SEKER
7799,SIRA
20705,CALI
7303,HOROZ
1514,SEKER
19015,CALI
10700,DERMASON
6433,HOROZ
10978,DERMASON
5561,HOROZ
2726,BARBUNYA
24617,SIRA
6547,HOROZ
17934,BOMBAY
23330,SEKER
15980,BOMBAY
696,SEKER
2874,BARBUNYA
6388,SIRA
21010,HOROZ
21205,HOROZ
15110,BARBUNYA
367,SEKER
12034,DERMASON
150,SEKER
24288,SIRA
13566,BARBUNYA
22119,HOROZ
9595,SIRA
3282,BARBUNYA
7376,DERMASON
11769,DERMASON
17,SEKER
5210,CALI
2533,BARBUNYA
21018,HOROZ
24207,SIRA
19311,CALI
21624,HOROZ
13713,BARBUNYA
23228,SEKER
20174,CALI
5472,CALI
23121,SEKER
22352,HOROZ
10967,DERMASON
8300,SIRA
10117,DERMASON
23063,SEKER
16790,BOMBAY
11541,DERMASON
10980,DERMASON
22233,HOROZ
23903,SEKER
15006,BARBUNYA
12343,DERMASON
16120,BOMBAY
18715,BOMBAY
10459,DERMASON
14655,BARBUNYA
10325,DERMASON
10870,DERMASON
20693,CALI
1092,SEKER
8019,SIRA
17891,BOMBAY
19057,BARBUNYA
10906,DERMASON
18886,CALI
20451,CALI
22016,HOROZ
11272,DERMASON
22106,HOROZ
11576,DERMASON
23223,SEKER
18143,BOMBAY
24427,SIRA
10448,DERMASON
10455,DERMASON
13181,DERMASON
7113,HOROZ
11063,DERMASON
22509,SEKER
4720,CALI
2111,BARBUNYA
22969,SEKER
2141,BARBUNYA
20094,CALI
7911,SIRA
18039,BOMBAY
16973,BOMBAY
19290,CALI
17566,BOMBAY
1675,SEKER
22938,SEKER
18451,BOMBAY
17093,BOMBAY
4984,CALI
13638,BARBUNYA
20179,CALI
23830,SEKER
20264,CALI
17997,BOMBAY
16182,BOMBAY
8797,SIRA
3315,BARBUNYA
11491,DERMASON
18975,CALI
13209,DERMASON
10971,DERMASON
7473,SIRA
12032,DERMASON
21324,HOROZ
7946,SIRA
2797,BARBUNYA
3635,BOMBAY
23846,SEKER
315,SEKER
24057,SIRA
17418,BOMBAY
10418,DERMASON
21021,HOROZ
21995,HOROZ
208,SEKER
12217,DERMASON
18012,BOMBAY
936,SEKER
12304,DERMASON
18634,BOMBAY
23848,SEKER
13082,DERMASON
7438,DERMASON
1510,SEKER
23847,SEKER
8714,SIRA
19291,CALI
3658,BOMBAY
15453,BARBUNYA
2152,BARBUNYA
10134,DERMASON
21092,HOROZ
16381,BOMBAY
12166,DERMASON
22772,SEKER
5780,HOROZ
24432,SIRA
7268,BARBUNYA
13741,BARBUNYA
7051,HOROZ
6932,HOROZ
9558,SIRA
5853,HOROZ
22643,SEKER
23966,SIRA
19851,CALI
22249,HOROZ
13835,BARBUNYA
9217,SIRA
21864,HOROZ
3441,BOMBAY
2265,BARBUNYA
14160,BARBUNYA
16786,BOMBAY
8231,SIRA
1661,SEKER
3588,BOMBAY
4645,CALI
8349,SIRA
11409,DERMASON
9863,SIRA
8318,SIRA
7046,HOROZ
1474,SEKER
4574,CALI
16147,BOMBAY
4165,CALI
3946,CALI
9812,SIRA
8267,SIRA
10671,DERMASON
16681,BOMBAY
3735,BOMBAY
6865,HOROZ
9317,SIRA
18970,CALI
22505,SEKER
16174,BOMBAY
12795,DERMASON
24792,DERMASON
9887,SIRA
6491,HOROZ
19416,CALI
15952,BOMBAY
3953,CALI
2342,BARBUNYA
2346,BARBUNYA
21884,HOROZ
18261,BOMBAY
20474,CALI
13625,BARBUNYA
13911,BARBUNYA
12952,DERMASON
16884,BOMBAY
16868,BOMBAY
11456,DERMASON
19797,CALI
17060,BOMBAY
3486,BOMBAY
9525,SIRA
20984,HOROZ
10285,DERMASON
15335,BARBUNYA
23978,SIRA
22325,HOROZ
24587,SIRA
8842,SIRA
14563,BARBUNYA
22430,SEKER
10557,DERMASON
1642,SEKER
10425,DERMASON
5345,CALI
20585,CALI
23168,SEKER
1422,SEKER
19361,CALI
10714,DERMASON
16869,BOMBAY
18026,BOMBAY
4949,CALI
2145,BARBUNYA
7439,SEKER
17474,BOMBAY
17409,BOMBAY
683,SEKER
21214,HOROZ
22018,HOROZ
9248,SIRA
24231,SIRA
22680,SEKER
21090,HOROZ
10802,DERMASON
10429,DERMASON
10045,DERMASON
14351,BARBUNYA
18480,BOMBAY
2425,BARBUNYA
2602,BARBUNYA
21372,HOROZ
20940,HOROZ
11611,DERMASON
10321,DERMASON
10734,DERMASON
9739,SIRA
14945,BARBUNYA
2907,BARBUNYA
3492,BOMBAY
16332,BOMBAY
3184,BARBUNYA
19706,CALI
20866,HOROZ
14577,BARBUNYA
5927,HOROZ
9565,SIRA
6072,HOROZ
8952,SIRA
23244,SEKER
14598,BARBUNYA
18775,BOMBAY
1569,SEKER
19543,CALI
9729,SIRA
7801,SIRA
10468,DERMASON
4375,CALI
1383,SEKER
911,SEKER
10186,DERMASON
4520,CALI
459,SEKER
8611,SIRA
11071,DERMASON
7293,HOROZ
6987,HOROZ
12689,DERMASON
22218,HOROZ
15752,BARBUNYA
24714,SIRA
15049,CALI
2714,BARBUNYA
14285,BARBUNYA
17945,BOMBAY
19949,CALI
2308,CALI
10899,DERMASON
20988,HOROZ
12980,DERMASON
3298,BARBUNYA
7048,HOROZ
16804,BOMBAY
12157,DERMASON
21034,HOROZ
1429,DERMASON
22322,HOROZ
4715,CALI
674,SEKER
5709,HOROZ
18547,BOMBAY
7721,SEKER
971,SEKER
18923,CALI
16398,BOMBAY
8474,SIRA
12692,DERMASON
9282,SIRA
13120,DERMASON
22976,SEKER
6876,HOROZ
4258,CALI
2947,BARBUNYA
14938,BARBUNYA
7217,HOROZ
19328,CALI
3522,BOMBAY
17789,BOMBAY
5501,HOROZ
1606,SEKER
13222,SIRA
24370,SIRA
14261,BARBUNYA
323,SEKER
2009,SIRA
13176,DERMASON
4044,CALI
2497,BARBUNYA
23409,SEKER
12051,DERMASON
17314,BOMBAY
19668,CALI
17787,BOMBAY
12281,DERMASON
3533,BOMBAY
4421,CALI
17728,BOMBAY
18506,BOMBAY
12085,DERMASON
8993,SIRA
21718,HOROZ
8886,SIRA
16445,BOMBAY
7341,HOROZ
2501,BARBUNYA
11644,DERMASON
5115,CALI
6909,HOROZ
18930,CALI
17094,BOMBAY
18162,BOMBAY
22028,HOROZ
3711,BOMBAY
9737,SIRA
3142,BARBUNYA
23702,SEKER
14620,BARBUNYA
10918,DERMASON
20483,CALI
3226,BARBUNYA
19494,CALI
24523,SIRA
20290,CALI
20027,CALI
7277,HOROZ
7259,HOROZ
16768,BOMBAY
4265,CALI
3246,CALI
5888,HOROZ
20191,CALI
6292,HOROZ
8240,SIRA
12526,DERMASON
15573,BARBUNYA
13670,BARBUNYA
22224,HOROZ
19248,CALI
6120,HOROZ
3525,BOMBAY
15746,BARBUNYA
3589,BOMBAY
6024,HOROZ
18280,BOMBAY
11106,DERMASON
23372,SEKER
13225,DERMASON
7093,HOROZ
21338,SIRA
19645,CALI
22411,SEKER
24439,SIRA
5998,HOROZ
2592,BARBUNYA
18719,BOMBAY
8588,SIRA
5306,CALI
10013,DERMASON
19855,CALI
6518,HOROZ
19861,CALI
8546,SIRA
9690,BARBUNYA
23381,SEKER
3780,BOMBAY
11623,DERMASON
1632,SEKER
2981,BARBUNYA
18835,CALI
828,SEKER
2435,BARBUNYA
3874,SEKER
18568,BOMBAY
23504,SEKER
5090,CALI
17325,BOMBAY
18989,CALI
466,SEKER
23396,SEKER
16424,BOMBAY
3617,BOMBAY
21301,HOROZ
20661,CALI
7809,SIRA
5001,CALI
12836,DERMASON
16090,BOMBAY
17798,BOMBAY
21440,HOROZ
17428,BOMBAY
5921,HOROZ
5683,HOROZ
14634,BARBUNYA
8147,SIRA
6423,HOROZ
3002,BARBUNYA
16996,BOMBAY
13973,CALI
13980,BARBUNYA
14632,BARBUNYA
2508,BARBUNYA
21789,HOROZ
24010,SIRA
1580,SEKER
5035,CALI
1147,SEKER
13371,SIRA
3286,BARBUNYA
19141,CALI
4372,CALI
5332,CALI
20211,CALI
23682,SEKER
21895,HOROZ
12065,DERMASON
19046,CALI
14314,BARBUNYA
23474,SEKER
23932,SIRA
10628,DERMASON
22209,HOROZ
11436,DERMASON
10549,DERMASON
3386,BOMBAY
18484,BOMBAY
23813,SEKER
7794,SIRA
18414,BOMBAY
8390,SIRA
12019,DERMASON
2767,BARBUNYA
2195,BARBUNYA
17089,BOMBAY
19009,CALI
1398,SEKER
4157,CALI
5811,HOROZ
121,SEKER
11836,DERMASON
16759,BOMBAY
2250,BARBUNYA
23030,SEKER
19353,CALI
9234,SIRA
22800,SEKER
7256,HOROZ
13864,BARBUNYA
7247,HOROZ
6137,HOROZ
1192,SEKER
17057,BOMBAY
11449,DERMASON
35,SEKER
16918,BOMBAY
19160,CALI
11198,DERMASON
2270,BARBUNYA
17394,BOMBAY
4704,CALI
22360,HOROZ
22232,HOROZ
21278,HOROZ
10297,DERMASON
3737,BOMBAY
10806,DERMASON
14050,BARBUNYA
22820,SEKER
12340,DERMASON
8105,SIRA
24127,SIRA
2004,SEKER
8288,SIRA
550,SEKER
19860,CALI
18627,BOMBAY
17469,BOMBAY
9962,SIRA
10353,DERMASON
12830,DERMASON
19270,CALI
13321,SIRA
9325,SIRA
15813,BOMBAY
19437,CALI
6914,HOROZ
14366,BARBUNYA
1962,SEKER
19227,CALI
3578,BOMBAY
3507,BOMBAY
12642,DERMASON
8898,SIRA
3045,BARBUNYA
24805,SIRA
15283,BARBUNYA
8943,SIRA
11191,DERMASON
6392,HOROZ
18464,BOMBAY
9362,SIRA
12105,DERMASON
2209,BARBUNYA
15115,BARBUNYA
17388,BOMBAY
22344,HOROZ
14987,BARBUNYA
6950,HOROZ
5312,CALI
8629,SIRA
16030,BOMBAY
5187,CALI
3402,BOMBAY
19616,CALI
23159,SEKER
2518,BARBUNYA
19385,CALI
8726,SIRA
3789,BOMBAY
1350,SEKER
8781,SIRA
8072,SIRA
5742,HOROZ
14992,BARBUNYA
6899,HOROZ
168,SEKER
18829,CALI
6133,HOROZ
19698,CALI
17090,BOMBAY
17319,BOMBAY
13764,BARBUNYA
14465,BARBUNYA
23822,SEKER
2136,BARBUNYA
5963,HOROZ
1411,SEKER
11055,DERMASON
13052,DERMASON
19332,CALI
10347,DERMASON
22410,SEKER
7725,SIRA
17553,BOMBAY
14171,BARBUNYA
11766,DERMASON
17900,BOMBAY
2683,BARBUNYA
15603,BARBUNYA
21827,HOROZ
2359,BARBUNYA
17763,BOMBAY
13441,SEKER
8292,SIRA
9672,SIRA
1027,SEKER
6020,HOROZ
10963,DERMASON
20469,CALI
655,SEKER
5971,HOROZ
15288,BARBUNYA
15616,SIRA
7172,HOROZ
6422,HOROZ
2842,BARBUNYA
20546,CALI
14822,BARBUNYA
5676,HOROZ
14712,BARBUNYA
11606,DERMASON
12862,DERMASON
278,DERMASON
13337,DERMASON
24362,SIRA
16651,BOMBAY
8425,SIRA
1635,SEKER
20934,HOROZ
3634,BOMBAY
4564,CALI
18415,BOMBAY
7502,DERMASON
14481,BARBUNYA
14507,BARBUNYA
19756,CALI
4003,BARBUNYA
15040,BARBUNYA
15829,BOMBAY
1131,SEKER
2041,BARBUNYA
10042,DERMASON
6510,HOROZ
373,SEKER
20635,CALI
12068,DERMASON
23777,SEKER
2254,BARBUNYA
13735,BARBUNYA
6448,HOROZ
11188,DERMASON
2075,BARBUNYA
12194,DERMASON
9644,SIRA
23591,SEKER
11013,DERMASON
1418,SEKER
22709,SEKER
10153,DERMASON
4442,CALI
1595,SEKER
3840,BOMBAY
15363,BARBUNYA
1175,SEKER
10675,DERMASON
18362,BOMBAY
8821,SIRA
6091,HOROZ
15304,BARBUNYA
17827,BOMBAY
9463,SIRA
22688,SEKER
13207,DERMASON
1503,SEKER
1554,SEKER
16539,BOMBAY
1075,SEKER
14477,BARBUNYA
22755,SEKER
24644,SIRA
11854,DERMASON
23950,DERMASON
24693,SIRA
24817,SIRA
22537,SEKER
5100,CALI
3341,BARBUNYA
15959,BOMBAY
15196,BARBUNYA
23584,SEKER
15505,BARBUNYA
6847,HOROZ
10318,DERMASON
17612,BOMBAY
5621,SIRA
22862,SEKER
23719,SEKER
14298,BARBUNYA
22187,HOROZ
8582,SIRA
9253,SIRA
15298,BARBUNYA
23069,SEKER
10365,DERMASON
2772,BARBUNYA
24699,SIRA
30,SEKER
17828,BOMBAY
9250,SIRA
11751,DERMASON
14795,BARBUNYA
2174,BARBUNYA
18898,CALI
547,SEKER
10154,DERMASON
11333,DERMASON
21147,HOROZ
3844,BOMBAY
1680,SEKER
13581,BARBUNYA
21181,HOROZ
13263,DERMASON
24398,SIRA
12842,DERMASON
19209,CALI
10182,DERMASON
103,SEKER
23147,SEKER
8833,SIRA
11024,DERMASON
9671,HOROZ
8247,SIRA
18182,BOMBAY
7231,HOROZ
3662,BOMBAY
18401,BOMBAY
14222,BARBUNYA
4685,CALI
5875,HOROZ
17571,BOMBAY
11012,DERMASON
5496,CALI
17979,BOMBAY
13762,BARBUNYA
664,SEKER
16418,BOMBAY
24071,SIRA
20014,CALI
8229,SIRA
9406,SIRA
9202,SIRA
7348,HOROZ
20523,CALI
6097,HOROZ
2208,BARBUNYA
563,SEKER
5343,CALI
18867,CALI
8165,SIRA
2583,BARBUNYA
13427,SIRA
14765,BARBUNYA
1873,SEKER
18232,BOMBAY
8409,SIRA
13169,SIRA
24284,SIRA
9378,SIRA
16146,BOMBAY
10594,DERMASON
12116,DERMASON
11235,DERMASON
326,SEKER
11604,DERMASON
22982,SEKER
20974,HOROZ
7885,SIRA
4667,CALI
20423,CALI
14618,BARBUNYA
9535,SIRA
12385,DERMASON
688,SEKER
22300,HOROZ
19133,CALI
14732,BARBUNYA
8544,SIRA
18488,BOMBAY
16498,BOMBAY
9538,SIRA
20312,CALI
3169,BARBUNYA
5663,HOROZ
5437,CALI
10841,DERMASON
2579,BARBUNYA
5446,CALI
1527,SIRA
19659,CALI
3834,BOMBAY
2528,BARBUNYA
10428,DERMASON
9870,SIRA
10866,DERMASON
19401,CALI
24204,SIRA
24511,SIRA
3189,BARBUNYA
4303,CALI
20694,CALI
2449,BARBUNYA
6726,HOROZ
18833,CALI
6916,HOROZ
4438,CALI
21345,HOROZ
1433,SEKER
22817,SEKER
18682,BOMBAY
22052,HOROZ
8361,SIRA
16050,BOMBAY
5671,HOROZ
6753,HOROZ
3096,BARBUNYA
5516,SIRA
4610,CALI
3509,BOMBAY
16330,BOMBAY
14264,BARBUNYA
742,SEKER
11067,DERMASON
7007,HOROZ
5763,HOROZ
12285,DERMASON
6612,HOROZ
8468,SIRA
20756,HOROZ
1393,SEKER
23142,SEKER
7937,SIRA
21108,HOROZ
7821,SIRA
17348,BOMBAY
8251,SIRA
15219,BARBUNYA
23594,SEKER
14092,BARBUNYA
907,SEKER
21281,HOROZ
6667,HOROZ
16554,BOMBAY
2434,BARBUNYA
23302,SEKER
9711,SIRA
13060,SIRA
11291,DERMASON
4679,CALI
8891,SIRA
4547,CALI
16777,BOMBAY
12310,DERMASON
20648,CALI
21382,HOROZ
7212,HOROZ
22414,SEKER
17489,BOMBAY
7330,HOROZ
19690,CALI
16787,BOMBAY
12261,DERMASON
20498,CALI
15039,BARBUNYA
24030,SIRA
22363,HOROZ
1215,SEKER
23592,SEKER
4226,CALI
20847,HOROZ
10504,DERMASON
9349,SIRA
20846,HOROZ
606,SEKER
22983,SEKER
20741,HOROZ
5749,HOROZ
17757,BOMBAY
19924,CALI
856,SEKER
17665,BOMBAY
13734,BARBUNYA
12525,DERMASON
22306,HOROZ
24808,SIRA
13466,SEKER
23084,SEKER
14556,BARBUNYA
44,SEKER
13196,DERMASON
2904,BARBUNYA
4863,CALI
15789,BOMBAY
4469,CALI
9614,SIRA
8918,SIRA
6880,HOROZ
585,SEKER
5512,DERMASON
8220,SIRA
6600,HOROZ
10133,DERMASON
11924,DERMASON
200,SEKER
13314,DERMASON
16909,BOMBAY
19077,CALI
10572,DERMASON
2051,BARBUNYA
8972,SIRA
23264,SEKER
24347,DERMASON
9976,HOROZ
23170,SEKER
10491,DERMASON
9124,SIRA
2264,BARBUNYA
15800,BOMBAY
16177,BOMBAY
11693,DERMASON
14358,BARBUNYA
8980,SIRA
22117,DERMASON
12624,DERMASON
1366,SEKER
23825,SEKER
13513,DERMASON
2870,BARBUNYA
22843,SEKER
11506,DERMASON
3277,BARBUNYA
16820,BOMBAY
10191,DERMASON
3172,CALI
13496,SIRA
1065,SEKER
9512,SIRA
11238,DERMASON
12325,DERMASON
19749,CALI
9758,SIRA
4484,CALI
5593,HOROZ
11947,DERMASON
3383,BOMBAY
17379,BOMBAY
15607,BARBUNYA
23814,SEKER
4148,CALI
2662,BARBUNYA
20194,HOROZ
23181,SEKER
9098,SIRA
14413,BARBUNYA
6210,HOROZ
21554,HOROZ
22831,SEKER
11761,DERMASON
2020,SEKER
17643,BOMBAY
8079,SIRA
2350,CALI
905,SEKER
11638,DERMASON
11304,DERMASON
16074,BOMBAY
15065,SIRA
18727,BOMBAY
69,SEKER
17436,BOMBAY
4305,CALI
9264,SIRA
12704,DERMASON
21618,HOROZ
18272,BOMBAY
4689,CALI
2564,BARBUNYA
2043,BARBUNYA
17847,BOMBAY
5706,HOROZ
10130,DERMASON
14101,BARBUNYA
8377,SIRA
2740,BARBUNYA
17671,BOMBAY
12377,DERMASON
1812,SEKER
1788,SEKER
383,SEKER
8113,SIRA
313,SEKER
14190,BARBUNYA
22426,SEKER
16151,BOMBAY
18209,BOMBAY
7302,BARBUNYA
10465,DERMASON
23738,SEKER
17459,BOMBAY
16403,BOMBAY
22010,HOROZ
20278,CALI
13099,DERMASON
7476,DERMASON
21358,HOROZ
21869,HOROZ
12753,DERMASON
16583,BOMBAY
18089,BOMBAY
5245,BARBUNYA
7613,SIRA
16203,BOMBAY
1311,SEKER
24283,SIRA
20552,CALI
20916,HOROZ
351,SEKER
9731,SIRA
5331,CALI
23354,SEKER
6289,HOROZ
17351,BOMBAY
22604,SEKER
12358,DERMASON
22229,HOROZ
5929,HOROZ
22980,SEKER
2534,BARBUNYA
1182,SEKER
17512,BOMBAY
13040,DERMASON
15017,BARBUNYA
5365,CALI
22072,HOROZ
11724,DERMASON
5714,HOROZ
17867,BOMBAY
8256,SIRA
24212,SIRA
19489,CALI
20640,CALI
8786,SIRA
6061,HOROZ
22122,HOROZ
14319,BARBUNYA
12986,SIRA
7132,HOROZ
17710,BOMBAY
21342,HOROZ
17669,BOMBAY
23136,SEKER
3942,BARBUNYA
19577,CALI
14587,BARBUNYA
7647,DERMASON
6325,HOROZ
16822,BOMBAY
15405,BARBUNYA
14575,BARBUNYA
4742,CALI
54,SEKER
22723,SEKER
21327,HOROZ
474,SEKER
20542,CALI
2710,BARBUNYA
13804,BARBUNYA
4106,CALI
12216,DERMASON
21464,HOROZ
15805,BOMBAY
22844,SEKER
14740,BARBUNYA
8158,SIRA
898,SEKER
10923,DERMASON
13105,DERMASON
12675,DERMASON
9541,SIRA
17023,BOMBAY
9809,SIRA
12754,DERMASON
11740,DERMASON
3668,BOMBAY
20687,CALI
2748,BARBUNYA
5575,HOROZ
20551,CALI
20703,CALI
4504,CALI
19866,CALI
10977,DERMASON
12335,DERMASON
5050,CALI
7030,HOROZ
22143,HOROZ
17135,BOMBAY
12973,DERMASON
5339,CALI
16383,BOMBAY
7698,SIRA
6503,HOROZ
22924,SEKER
17166,BOMBAY
7900,SIRA
11259,DERMASON
22788,SEKER
12471,DERMASON
4634,CALI
2095,SIRA
8054,SIRA
9532,SIRA
6803,HOROZ
12287,DERMASON
17036,BOMBAY
7318,CALI
17498,BOMBAY
4285,BARBUNYA
9826,SIRA
7792,SIRA
5061,CALI
23224,DERMASON
8358,SIRA
19672,CALI
13692,BARBUNYA
22629,SEKER
20858,HOROZ
3732,BOMBAY
5324,CALI
380,SEKER
980,SEKER
3848,BOMBAY
3316,BARBUNYA
4744,CALI
1880,SEKER
4404,CALI
23070,SEKER
20217,CALI
7732,SIRA
22357,HOROZ
17005,BOMBAY
23217,SEKER
2898,BARBUNYA
8117,SIRA
24228,SIRA
451,SEKER
7602,SIRA
9635,SIRA
3592,BOMBAY
18292,BOMBAY
369,SEKER
19254,CALI
20348,CALI
5826,HOROZ
13433,SIRA
5351,CALI
22082,HOROZ
24549,DERMASON
4201,CALI
1318,SEKER
15477,BARBUNYA
12974,DERMASON
16242,BOMBAY
21250,HOROZ
1412,SEKER
12094,DERMASON
15185,BARBUNYA
16070,BOMBAY
21612,HOROZ
16323,BOMBAY
17481,BOMBAY
311,SEKER
16799,BOMBAY
57,SEKER
14965,BARBUNYA
22155,HOROZ
6735,HOROZ
12550,DERMASON
19111,CALI
1534,SEKER
14845,BARBUNYA
24143,SIRA
8198,SIRA
10834,DERMASON
23138,SEKER
12519,DERMASON
1280,SEKER
12556,DERMASON
4032,CALI
17686,BOMBAY
14185,BARBUNYA
3922,BARBUNYA
21882,HOROZ
22295,HOROZ
7447,DERMASON
9526,SIRA
884,SEKER
3993,CALI
23685,SEKER
10500,DERMASON
5165,CALI
11995,DERMASON
322,SEKER
21878,HOROZ
22978,SEKER
23479,SEKER
1862,SEKER
23020,SEKER
16316,BOMBAY
12623,DERMASON
18841,CALI
735,SEKER
2744,BARBUNYA
19312,SIRA
7185,HOROZ
12441,DERMASON
23279,SEKER
4972,CALI
3200,BARBUNYA
6631,HOROZ
16674,BOMBAY
5068,CALI
10577,DERMASON
14853,BARBUNYA
10739,DERMASON
24346,SIRA
2645,BARBUNYA
5076,CALI
4125,CALI
6529,HOROZ
7375,DERMASON
21149,HOROZ
5523,DERMASON
19553,CALI
4410,CALI
10406,DERMASON
16930,BOMBAY
13710,BARBUNYA
20860,HOROZ
12220,DERMASON
11274,DERMASON
16310,BOMBAY
24303,SIRA
8099,SIRA
3027,BARBUNYA
23157,SEKER
1121,SEKER
18570,BOMBAY
5466,CALI
12988,DERMASON
3350,BOMBAY
8030,SIRA
8137,SIRA
491,SEKER
12802,DERMASON
14341,BARBUNYA
385,SEKER
3537,BOMBAY
14180,BARBUNYA
22578,SEKER
22490,SEKER
21044,HOROZ
4203,CALI
5678,HOROZ
409,SEKER
11070,DERMASON
1282,SEKER
5473,CALI
2554,BARBUNYA
5836,HOROZ
1356,SEKER
13698,BARBUNYA
8710,SIRA
11915,DERMASON
2252,BARBUNYA
16342,BOMBAY
20167,CALI
2789,BARBUNYA
8604,SIRA
2085,BARBUNYA
4347,CALI
18646,BOMBAY
8374,SIRA
3594,BOMBAY
4461,HOROZ
7850,SIRA
10656,DERMASON
21537,HOROZ
15318,BARBUNYA
9659,SEKER
21955,HOROZ
8819,SEKER
22648,SEKER
6161,HOROZ
21547,HOROZ
7216,HOROZ
23620,SEKER
4202,CALI
7553,SIRA
8686,SIRA
1035,SIRA
24660,SIRA
11963,DERMASON
11896,DERMASON
3463,BOMBAY
19020,CALI
6404,HOROZ
19428,CALI
17756,BOMBAY
15465,BARBUNYA
2404,BARBUNYA
18746,BOMBAY
7191,HOROZ
22770,SEKER
20368,CALI
3077,BARBUNYA
15132,BARBUNYA
15118,BARBUNYA
16444,BOMBAY
13244,SIRA
20040,CALI
11776,DERMASON
1084,SEKER
18252,BOMBAY
10688,DERMASON
6698,HOROZ
18802,CALI
18602,BOMBAY
4630,CALI
5728,HOROZ
8854,SIRA
23641,SEKER
22364,HOROZ
15647,BARBUNYA
15806,BOMBAY
1276,SEKER
18884,CALI
19566,CALI
6729,HOROZ
6536,HOROZ
20909,HOROZ
8441,SIRA
9995,CALI
16823,BOMBAY
23446,SEKER
5685,HOROZ
21790,HOROZ
12630,DERMASON
19842,CALI
20517,CALI
17311,BOMBAY
15801,BOMBAY
4966,CALI
12431,DERMASON
6165,HOROZ
1453,SEKER
21933,HOROZ
2332,BARBUNYA
15678,BARBUNYA
16419,BOMBAY
16769,BOMBAY
13077,DERMASON
8355,SIRA
668,SEKER
22076,HOROZ
6011,HOROZ
10056,DERMASON
9008,BARBUNYA
3265,BARBUNYA
5252,CALI
10631,DERMASON
13297,SIRA
13236,DERMASON
15933,BOMBAY
15559,BARBUNYA
10462,DERMASON
2393,BARBUNYA
12228,DERMASON
13133,DERMASON
14503,BARBUNYA
18665,BOMBAY
19119,CALI
23430,SEKER
19100,CALI
18244,BOMBAY
18543,BOMBAY
19454,CALI
9755,SIRA
13495,SIRA
4605,CALI
22956,SEKER
3706,BOMBAY
457,SEKER
9054,SEKER
1106,SEKER
19335,CALI
4343,CALI
12608,DERMASON
8350,SIRA
15274,BARBUNYA
22511,SEKER
2334,CALI
18785,BOMBAY
9384,SIRA
12137,DERMASON
9648,SIRA
8564,SIRA
10104,DERMASON
4418,CALI
6484,HOROZ
22593,SEKER
3686,BOMBAY
3532,BOMBAY
20403,CALI
21428,HOROZ
18294,BOMBAY
16094,BOMBAY
12093,DERMASON
4510,CALI
21745,HOROZ
16635,BOMBAY
5665,HOROZ
13679,BARBUNYA
9426,SIRA
18010,BOMBAY
20863,HOROZ
9038,SIRA
17254,BOMBAY
13235,SIRA
16413,BOMBAY
20311,CALI
18128,BOMBAY
11977,DERMASON
16529,BOMBAY
10071,DERMASON
8149,SIRA
708,SEKER
20343,CALI
9440,SIRA
7474,SIRA
18123,BOMBAY
11148,DERMASON
4194,CALI
3108,BARBUNYA
10862,DERMASON
22973,SEKER
13317,SIRA
19620,CALI
24258,SIRA
18818,CALI
5652,HOROZ
21049,SIRA
15957,BOMBAY
7615,SIRA
22997,SEKER
13712,BARBUNYA
6245,HOROZ
4528,CALI
21721,HOROZ
5099,CALI
13620,BARBUNYA
20588,CALI
6224,HOROZ
11668,DERMASON
18905,CALI
15779,BOMBAY
11635,DERMASON
7949,SIRA
11505,DERMASON
20672,CALI
701,SEKER
11902,DERMASON
9483,SIRA
18890,CALI
20269,CALI
21189,HOROZ
8200,SIRA
14368,BARBUNYA
2704,BARBUNYA
8672,SIRA
21410,HOROZ
19638,CALI
1981,SEKER
21000,HOROZ
14906,BARBUNYA
4489,CALI
3921,HOROZ
11342,DERMASON
5384,CALI
21622,HOROZ
13208,DERMASON
10735,DERMASON
6983,HOROZ
23554,SEKER
22208,HOROZ
14194,BARBUNYA
20511,CALI
3901,CALI
19358,CALI
2374,BARBUNYA
23842,SEKER
15213,BARBUNYA
13838,BARBUNYA
4156,CALI
9620,SIRA
22651,SEKER
16811,BOMBAY
7458,DERMASON
19027,CALI
3699,BOMBAY
8278,SIRA
6424,HOROZ
15598,BARBUNYA
12266,DERMASON
16042,BOMBAY
1224,SEKER
21095,HOROZ
15021,BARBUNYA
638,SEKER
4345,CALI
345,SEKER
23213,SEKER
20927,CALI
13759,BARBUNYA
2687,BARBUNYA
13357,SIRA
3710,BOMBAY
19326,CALI
1034,SEKER
11379,DERMASON
725,SEKER
16105,BOMBAY
7497,DERMASON
5359,CALI
19613,CALI
5485,CALI
4783,CALI
23137,SEKER
10427,DERMASON
2008,SEKER
15347,BARBUNYA
1640,SEKER
16867,BOMBAY
14713,BARBUNYA
3784,BOMBAY
8922,SIRA
17242,BOMBAY
20663,CALI
12456,DERMASON
21527,SIRA
2638,BARBUNYA
18348,BOMBAY
5102,CALI
2323,BARBUNYA
10192,DERMASON
8403,SIRA
17505,BOMBAY
12477,DERMASON
5570,HOROZ
8725,SIRA
3704,BOMBAY
1891,SEKER
24162,SIRA
10194,DERMASON
11974,DERMASON
16680,BOMBAY
17183,BOMBAY
22245,HOROZ
21007,HOROZ
8999,SIRA
6225,HOROZ
8317,SIRA
14652,BARBUNYA
19773,CALI
17559,BOMBAY
21738,HOROZ
6714,HOROZ
16098,BOMBAY
24348,SIRA
8971,SIRA
19427,CALI
5377,CALI
20273,CALI
19786,CALI
3210,BARBUNYA
5148,CALI
616,SEKER
5464,CALI
1901,SEKER
24304,SIRA
408,SEKER
7886,DERMASON
16303,BOMBAY
12804,DERMASON
7525,DERMASON
23612,SEKER
1231,SEKER
531,SEKER
19774,CALI
17580,BOMBAY
5394,CALI
4794,CALI
22036,HOROZ
9681,SIRA
15255,BARBUNYA
20575,CALI
2862,BARBUNYA
9351,SIRA
14000,BARBUNYA
20473,CALI
12585,DERMASON
20116,CALI
5460,CALI
4985,CALI
12033,DERMASON
9109,SIRA
18722,BOMBAY
1687,SEKER
19126,CALI
17681,BOMBAY
175,SEKER
2617,BARBUNYA
14469,BARBUNYA
6557,HOROZ
1441,SEKER
2930,BARBUNYA
9453,SIRA
20560,CALI
20664,CALI
13088,SIRA
16178,BOMBAY
23478,SEKER
9724,SIRA
12049,DERMASON
2519,BARBUNYA
3147,BARBUNYA
21093,HOROZ
24730,SIRA
12050,DERMASON
5654,HOROZ
18517,BOMBAY
13086,DERMASON
10446,DERMASON
9936,SIRA
18790,BOMBAY
3673,BOMBAY
1574,SEKER
23109,SEKER
1349,SEKER
6136,HOROZ
22397,SEKER
8139,SIRA
15260,BARBUNYA
13494,SIRA
4563,CALI
6241,HOROZ
265,SEKER
833,SEKER
6517,HOROZ
18124,BOMBAY
3268,BARBUNYA
20291,CALI
15601,BARBUNYA
21858,HOROZ
23889,SEKER
14349,BARBUNYA
23710,SEKER
6293,HOROZ
19142,CALI
13475,SIRA
17119,BOMBAY
7888,SIRA
17869,BOMBAY
5505,DERMASON
5925,HOROZ
9515,SIRA
20989,HOROZ
2127,BARBUNYA
20718,HOROZ
18370,BOMBAY
23139,SEKER
11223,DERMASON
11568,DERMASON
22682,SEKER
2240,BARBUNYA
3302,BARBUNYA
8274,SIRA
12584,SIRA
16745,BOMBAY
19605,CALI
5658,HOROZ
13554,BARBUNYA
3381,BOMBAY
13294,DERMASON
1261,SEKER
14611,BARBUNYA
11571,DERMASON
13959,BARBUNYA
20016,CALI
4246,CALI
16720,BOMBAY
11212,DERMASON
8696,SIRA
15117,BARBUNYA
6070,HOROZ
17075,BOMBAY
22128,HOROZ
13725,BARBUNYA
3110,BARBUNYA
18799,CALI
17235,BOMBAY
14695,BARBUNYA
4273,CALI
24151,SIRA
424,SEKER
12292,DERMASON
18367,BOMBAY
17952,BOMBAY
16490,BOMBAY
10835,DERMASON
22705,SEKER
809,SEKER
23086,SEKER
19098,CALI
13148,DERMASON
12724,DERMASON
19654,CALI
13553,BARBUNYA
3125,BARBUNYA
12902,SIRA
19755,CALI
812,SEKER
17754,BOMBAY
20776,HOROZ
14682,BARBUNYA
11177,DERMASON
11554,DERMASON
18247,BOMBAY
9099,SIRA
17064,BOMBAY
10397,DERMASON
3702,BOMBAY
13783,BARBUNYA
8647,SIRA
945,SEKER
13604,BARBUNYA
3482,BOMBAY
18515,BOMBAY
10254,DERMASON
17269,BOMBAY
13571,BARBUNYA
16059,BOMBAY
12295,DERMASON
11743,DERMASON
2608,BARBUNYA
20516,CALI
17835,BOMBAY
8658,SIRA
3601,BOMBAY
20895,HOROZ
21465,HOROZ
19316,CALI
17291,BOMBAY
3643,BOMBAY
19273,CALI
7717,SIRA
7671,SIRA
3798,BOMBAY
18092,BOMBAY
21578,HOROZ
24639,SIRA
1847,SEKER
12084,DERMASON
5290,CALI
2188,BARBUNYA
10815,DERMASON
18812,CALI
19506,CALI
24390,SIRA
3847,BOMBAY
2781,CALI
19780,CALI
20319,CALI
21936,HOROZ
19285,CALI
8304,SIRA
7578,DERMASON
8813,SIRA
17097,BOMBAY
5038,CALI
24039,SIRA
12509,DERMASON
9934,SIRA
13976,BARBUNYA
20018,CALI
23367,SEKER
15785,BOMBAY
12594,DERMASON
12125,DERMASON
9579,SIRA
12930,DERMASON
17336,BOMBAY
6678,HOROZ
8939,SIRA
18455,BOMBAY
20646,CALI
1443,SEKER
7241,BARBUNYA
11103,DERMASON
17523,BOMBAY
5705,HOROZ
19687,CALI
8623,HOROZ
11167,DERMASON
5456,CALI
12308,DERMASON
6405,HOROZ
8227,SIRA
17694,BOMBAY
8476,SIRA
21332,HOROZ
9710,SIRA
776,SEKER
21126,HOROZ
24294,SIRA
17525,BOMBAY
16573,BOMBAY
18316,BOMBAY
3233,BARBUNYA
19322,CALI
24564,SIRA
8856,SIRA
4291,CALI
1174,SEKER
15105,BARBUNYA
13019,DERMASON
11548,DERMASON
14885,BARBUNYA
19368,CALI
20701,CALI
23094,SEKER
21914,HOROZ
21198,HOROZ
10376,DERMASON
7220,HOROZ
1197,DERMASON
5194,CALI
19010,CALI
7722,SIRA
17776,BOMBAY
23862,SEKER
13589,BARBUNYA
10830,DERMASON
13174,DERMASON
11843,DERMASON
13814,BARBUNYA
7585,SIRA
554,SEKER
22856,SEKER
22226,HOROZ
11255,DERMASON
19765,CALI
8715,SIRA
3694,BOMBAY
15967,BOMBAY
1206,SEKER
3733,BOMBAY
19373,CALI
7136,HOROZ
8829,SIRA
11839,DERMASON
6186,HOROZ
15411,BARBUNYA
6214,HOROZ
21291,HOROZ
24541,SIRA
19521,CALI
19739,CALI
20991,HOROZ
16602,BOMBAY
6379,HOROZ
22787,SEKER
3455,BOMBAY
22547,SEKER
23445,SEKER
7534,DERMASON
14729,BARBUNYA
16857,BOMBAY
24724,SIRA
24001,DERMASON
21122,HOROZ
11180,DERMASON
1738,SIRA
1572,SEKER
8766,SIRA
14131,BARBUNYA
9448,SIRA
24785,SIRA
46,SEKER
6913,HOROZ
4043,CALI
11170,DERMASON
18382,BOMBAY
2622,BARBUNYA
22945,SEKER
19976,CALI
24726,SIRA
19618,CALI
23006,SEKER
15490,BARBUNYA
16134,BOMBAY
2897,BARBUNYA
22435,SEKER
21992,HOROZ
19884,CALI
19495,BARBUNYA
744,SEKER
17049,BOMBAY
4834,CALI
9736,SIRA
14976,BARBUNYA
8280,SIRA
14440,BARBUNYA
3288,BARBUNYA
20480,CALI
4178,CALI
2715,BARBUNYA
2213,BARBUNYA
19447,CALI
9209,SIRA
4229,CALI
4618,CALI
4384,CALI
18085,BOMBAY
9410,SIRA
2165,BARBUNYA
14920,BARBUNYA
1290,SEKER
23153,SEKER
12559,DERMASON
1584,SEKER
20580,CALI
8410,SIRA
6871,HOROZ
7563,SIRA
14564,BARBUNYA
11524,DERMASON
6775,HOROZ
10901,DERMASON
9442,SIRA
14927,CALI
20340,CALI
5180,CALI
7107,HOROZ
18129,BOMBAY
17537,BOMBAY
15266,BARBUNYA
15863,BOMBAY
3422,BOMBAY
24044,SIRA
15416,BARBUNYA
10873,DERMASON
19346,CALI
5053,CALI
5548,HOROZ
4085,CALI
21943,HOROZ
8540,SIRA
4813,CALI
12319,DERMASON
11092,DERMASON
19293,CALI
19628,CALI
20864,HOROZ
6417,HOROZ
2238,BARBUNYA
10746,DERMASON
20378,CALI
12858,DERMASON
17555,BOMBAY
15894,BOMBAY
2571,BARBUNYA
1448,SEKER
17596,BOMBAY
12513,DERMASON
21887,HOROZ
20686,CALI
18527,BOMBAY
20930,HOROZ
8309,SIRA
6769,HOROZ
880,SEKER
15815,BOMBAY
12389,DERMASON
12586,DERMASON
13474,DERMASON
23215,SEKER
20004,CALI
2676,BARBUNYA
6049,HOROZ
16518,BOMBAY
13810,BARBUNYA
1807,SEKER
2512,BARBUNYA
21268,HOROZ
10022,DERMASON
11734,DERMASON
11928,DERMASON
24458,SIRA
10887,DERMASON
8764,SIRA
8058,SIRA
15277,BARBUNYA
12368,DERMASON
10007,DERMASON
24012,SIRA
20794,HOROZ
21509,HOROZ
19947,CALI
12348,DERMASON
20265,CALI
20342,CALI
344,SEKER
17704,BOMBAY
17263,BOMBAY
13555,BARBUNYA
3494,BOMBAY
9942,SIRA
15003,BARBUNYA
20510,CALI
12723,DERMASON
23697,SEKER
16024,BOMBAY
17697,BOMBAY
1719,SEKER
6951,HOROZ
15874,BOMBAY
10953,DERMASON
11507,DERMASON
7223,HOROZ
22302,HOROZ
1978,SEKER
23991,SIRA
1704,SEKER
1662,SEKER
4699,CALI
6504,HOROZ
15816,BOMBAY
16568,BOMBAY
24319,DERMASON
20668,CALI
16886,BOMBAY
9712,SIRA
21474,SIRA
18145,BOMBAY
5034,CALI
13020,DERMASON
21875,HOROZ
5508,DERMASON
720,SEKER
10855,DERMASON
18306,BOMBAY
18083,BOMBAY
19697,CALI
20649,CALI
5045,CALI
10250,DERMASON
1328,SEKER
14777,BARBUNYA
22645,SEKER
19297,CALI
6490,HOROZ
18210,BOMBAY
4097,BARBUNYA
22506,SEKER
9527,SIRA
8341,SIRA
14704,BARBUNYA
12552,DERMASON
23216,SEKER
22019,HOROZ
19232,CALI
21491,HOROZ
11178,DERMASON
17621,BOMBAY
23856,SEKER
13501,SIRA
3877,BARBUNYA
21252,HOROZ
3448,BOMBAY
7870,SIRA
13805,BARBUNYA
12181,DERMASON
21001,HOROZ
10982,DERMASON
9149,SIRA
10279,DERMASON
12421,DERMASON
3165,BARBUNYA
5814,HOROZ
24384,SIRA
23075,SEKER
22265,HOROZ
7839,DERMASON
22635,SEKER
2074,SIRA
21810,HOROZ
15900,BOMBAY
4393,CALI
5528,HOROZ
6173,HOROZ
9561,SIRA
24302,SIRA
9822,HOROZ
6730,HOROZ
6687,HOROZ
2221,BARBUNYA
257,SEKER
23806,SEKER
3394,BOMBAY
9728,SIRA
2202,BARBUNYA
8156,SIRA
6357,HOROZ
21086,HOROZ
24630,SIRA
4546,CALI
8279,SIRA
24113,SIRA
13995,BARBUNYA
23489,SEKER
6619,HOROZ
14406,BARBUNYA
22223,HOROZ
17855,BOMBAY
17535,BOMBAY
19836,HOROZ
19548,CALI
22551,SEKER
19064,CALI
22159,HOROZ
484,SEKER
10981,DERMASON
359,SEKER
843,SEKER
24493,SIRA
9195,SIRA
8958,SIRA
11876,DERMASON
15208,BARBUNYA
23423,SEKER
17738,BOMBAY
2527,BARBUNYA
21373,HOROZ
21478,HOROZ
12023,DERMASON
15942,BOMBAY
1923,SIRA
8929,SIRA
23233,SEKER
19292,CALI
24748,SIRA
13870,BARBUNYA
4275,HOROZ
21908,HOROZ
15683,BARBUNYA
21610,HOROZ
17729,BOMBAY
4115,CALI
13848,BARBUNYA
1489,SEKER
738,SEKER
14118,BARBUNYA
20353,CALI
10277,DERMASON
22428,SEKER
16046,BOMBAY
15531,BARBUNYA
14869,BARBUNYA
3566,BOMBAY
11051,DERMASON
21946,HOROZ
8037,SIRA
12056,DERMASON
18788,BOMBAY
11432,DERMASON
24169,SIRA
766,SEKER
15394,BARBUNYA
4068,CALI
3995,CALI
16066,BOMBAY
19039,CALI
334,SEKER
6145,HOROZ
3128,BARBUNYA
19547,CALI
16739,BOMBAY
11985,DERMASON
12890,DERMASON
24008,DERMASON
11066,DERMASON
8965,SIRA
16003,BOMBAY
20326,CALI
15211,BARBUNYA
3689,BOMBAY
13966,BARBUNYA
14690,BARBUNYA
1061,SEKER
3369,BOMBAY
20373,CALI
22620,SEKER
20957,HOROZ
15030,BARBUNYA
12967,DERMASON
18653,BOMBAY
14070,BARBUNYA
10059,DERMASON
16650,BOMBAY
18872,CALI
17557,BOMBAY
1012,SEKER
3213,BARBUNYA
24445,SIRA
24603,SIRA
4152,CALI
1698,SEKER
19060,CALI
8937,SIRA
3254,BARBUNYA
2923,BARBUNYA
13552,BARBUNYA
20801,HOROZ
14074,BARBUNYA
15852,BOMBAY
13394,DERMASON
11806,DERMASON
21647,HOROZ
9748,SIRA
2053,BARBUNYA
6625,HOROZ
5048,CALI
15831,BOMBAY
4306,CALI
4057,CALI
10507,DERMASON
13656,BARBUNYA
5711,HOROZ
15278,BARBUNYA
2545,BARBUNYA
5638,SIRA
23018,SEKER
5535,HOROZ
101,DERMASON
23975,SIRA
133,SEKER
8223,SIRA
11610,DERMASON
17099,BOMBAY
21022,HOROZ
10408,DERMASON
8883,SIRA
15726,BARBUNYA
14193,BARBUNYA
14639,BARBUNYA
11570,DERMASON
23869,SEKER
8832,SIRA
13940,BARBUNYA
1943,SEKER
17233,BOMBAY
15655,BARBUNYA
8870,SIRA
23688,SEKER
17666,BOMBAY
624,SEKER
12035,DERMASON
14610,BARBUNYA
13352,DERMASON
23795,SEKER
15530,BARBUNYA
6494,HOROZ
24182,SIRA
14134,BARBUNYA
18320,BOMBAY
13351,SIRA
7138,HOROZ
19993,CALI
17267,BOMBAY
7753,SIRA
5418,CALI
2012,SEKER
19438,CALI
20638,CALI
6355,HOROZ
12202,DERMASON
7784,SIRA
4475,CALI
11946,DERMASON
20193,CALI
12030,DERMASON
2447,BARBUNYA
9226,SIRA
15570,BARBUNYA
1498,SEKER
17552,BOMBAY
6179,HOROZ
6253,HOROZ
2733,BARBUNYA
12434,DERMASON
21502,HOROZ
14860,BARBUNYA
24657,SIRA
1598,SEKER
20478,CALI
16449,BOMBAY
16735,BOMBAY
21581,HOROZ
2485,BARBUNYA
10108,DERMASON
17360,BOMBAY
3328,BARBUNYA
16022,BOMBAY
20958,HOROZ
22676,SEKER
3519,BOMBAY
829,SEKER
12520,DERMASON
20111,CALI
23014,SEKER
16665,BOMBAY
12769,DERMASON
20370,CALI
18494,BOMBAY
1450,SEKER
12557,DERMASON
9623,SIRA
6084,HOROZ
6717,HOROZ
20241,CALI
4293,CALI
6095,HOROZ
4903,CALI
2275,BARBUNYA
478,SEKER
14829,BARBUNYA
10551,DERMASON
20775,HOROZ
2245,BARBUNYA
8238,SIRA
5754,HOROZ
9928,SIRA
4730,CALI
6700,HOROZ
22958,SEKER
13483,SIRA
4391,CALI
13069,DERMASON
3429,BOMBAY
274,SEKER
17899,BOMBAY
5859,HOROZ
13637,BARBUNYA
24382,SIRA
13278,SIRA
19589,CALI
22287,HOROZ
21830,HOROZ
15975,BOMBAY
4973,CALI
5284,CALI
1668,SEKER
16457,BOMBAY
5980,HOROZ
20371,CALI
17454,BOMBAY
19434,CALI
15066,BARBUNYA
13215,DERMASON
7661,DERMASON
10241,DERMASON
12121,DERMASON
1338,SIRA
22665,SEKER
12956,SIRA
353,SEKER
11078,DERMASON
11203,DERMASON
18226,BOMBAY
5304,CALI
7090,HOROZ
13336,DERMASON
18821,CALI
15578,BARBUNYA
8742,SEKER
15970,BOMBAY
10156,DERMASON
12840,DERMASON
13896,BARBUNYA
8241,SIRA
22049,HOROZ
7395,DERMASON
7484,DERMASON
5787,HOROZ
3571,BOMBAY
14326,BARBUNYA
14560,BARBUNYA
5117,CALI
1805,SEKER
18228,BOMBAY
20658,CALI
12053,DERMASON
20796,HOROZ
23251,SEKER
993,SEKER
19265,HOROZ
4991,CALI
23645,SEKER
24351,SIRA
15425,BARBUNYA
24142,SIRA
4220,CALI
18926,BARBUNYA
7646,DERMASON
482,SEKER
19580,CALI
14091,BARBUNYA
21706,HOROZ
1255,SEKER
10941,DERMASON
9140,SIRA
24635,SIRA
3958,CALI
21316,HOROZ
2090,BARBUNYA
290,SEKER
4211,CALI
23604,SEKER
16202,BOMBAY
15245,BARBUNYA
13867,BARBUNYA
12845,DERMASON
6964,HOROZ
18859,CALI
16565,BOMBAY
3387,BOMBAY
139,SEKER
15436,BARBUNYA
13355,DERMASON
5627,HOROZ
8735,SIRA
5915,HOROZ
7139,HOROZ
16664,BOMBAY
17956,BOMBAY
8344,SIRA
18795,CALI
15569,BARBUNYA
10657,DERMASON
1827,SEKER
222,SEKER
4479,CALI
7654,SIRA
10023,DERMASON
22336,HOROZ
21220,HOROZ
7451,DERMASON
9213,SIRA
13563,BARBUNYA
7667,SEKER
18526,BOMBAY
24576,SIRA
22681,SEKER
22289,HOROZ
18671,BOMBAY
12058,DERMASON
1611,SEKER
21348,HOROZ
4036,CALI
5999,HOROZ
3058,BARBUNYA
852,SEKER
22744,SEKER
23226,SEKER
15903,BOMBAY
17637,BOMBAY
4084,CALI
20327,CALI
23042,SEKER
16688,BOMBAY
3050,BARBUNYA
15609,BARBUNYA
18035,BOMBAY
15907,BOMBAY
18561,BOMBAY
2375,CALI
19271,CALI
14580,BARBUNYA
23055,SEKER
3884,SIRA
9754,SIRA
17140,BOMBAY
21272,HOROZ
20592,CALI
4902,CALI
16598,BOMBAY
7733,DERMASON
20955,HOROZ
20657,CALI
12263,DERMASON
8941,SIRA
9138,SIRA
1405,SEKER
5211,CALI
22649,SEKER
20641,CALI
6868,HOROZ
8270,SIRA
13155,DERMASON
11900,DERMASON
19574,CALI
17606,BOMBAY
16196,BOMBAY
7656,DERMASON
8622,SIRA
19544,CALI
1768,SEKER
19837,CALI
6275,HOROZ
14969,BARBUNYA
12953,DERMASON
1243,SEKER
19936,CALI
17688,BOMBAY
18883,CALI
12455,DERMASON
803,SEKER
17687,BOMBAY
12796,DERMASON
6870,HOROZ
2351,BARBUNYA
17215,BOMBAY
2255,BARBUNYA
3769,BOMBAY
2806,BARBUNYA
2681,BARBUNYA
1926,SEKER
11243,DERMASON
20762,HOROZ
24607,SIRA
3639,BOMBAY
7315,HOROZ
8351,SIRA
23149,SEKER
15225,BARBUNYA
17113,BOMBAY
4110,CALI
9792,SIRA
8760,SIRA
4519,CALI
13172,DERMASON
4104,CALI
16296,BOMBAY
2450,BARBUNYA
13090,SEKER
12367,DERMASON
21014,HOROZ
13022,DERMASON
22656,SEKER
5551,HOROZ
15000,BARBUNYA
10369,DERMASON
9851,SIRA
12469,DERMASON
17361,BOMBAY
8406,SIRA
12054,DERMASON
7606,DERMASON
12547,DERMASON
16592,BOMBAY
24126,SIRA
23002,SEKER
20118,CALI
14907,BARBUNYA
4824,CALI
7072,HOROZ
18238,BOMBAY
24137,SIRA
14085,BARBUNYA
14046,BARBUNYA
18716,BOMBAY
7568,SIRA
1077,SEKER
4894,CALI
20146,CALI
3207,BARBUNYA
23424,SEKER
9625,SIRA
10501,DERMASON
2150,BARBUNYA
11072,DERMASON
16102,BOMBAY
3489,BOMBAY
8088,SIRA
23292,SEKER
4955,CALI
21640,HOROZ
17176,BOMBAY
8242,SIRA
2380,BARBUNYA
6427,HOROZ
22483,SEKER
3529,BOMBAY
604,SEKER
19838,CALI
11300,DERMASON
14371,BARBUNYA
875,SEKER
10511,DERMASON
2467,BARBUNYA
22883,SEKER
4745,CALI
18921,CALI
10272,DERMASON
14040,BARBUNYA
8195,SIRA
13988,BARBUNYA
23432,SEKER
24737,SIRA
21521,HOROZ
7047,HOROZ
18768,BOMBAY
575,SEKER
15330,BARBUNYA
21470,HOROZ
18692,BOMBAY
14441,BARBUNYA
10217,DERMASON
10087,DERMASON
10366,DERMASON
913,SEKER
13259,SIRA
1859,SEKER
509,SEKER
23041,SEKER
11617,DERMASON
15590,BARBUNYA
10868,DERMASON
15431,BARBUNYA
5764,HOROZ
13008,DERMASON
9295,SIRA
9909,SIRA
22354,HOROZ
14370,BARBUNYA
2697,BARBUNYA
24064,DERMASON
14936,BARBUNYA
18159,BOMBAY
10224,DERMASON
2220,BARBUNYA
16683,BOMBAY
11096,DERMASON
13871,BARBUNYA
8042,SIRA
902,SEKER
8161,SIRA
21775,HOROZ
513,SEKER
12733,DERMASON
4296,CALI
2115,BARBUNYA
17056,BOMBAY
3501,BOMBAY
6515,HOROZ
251,SEKER
18497,BOMBAY
9010,SIRA
20402,CALI
22341,HOROZ
12193,DERMASON
6545,HOROZ
20444,CALI
14344,BARBUNYA
18355,BOMBAY
21748,HOROZ
11079,DERMASON
19716,CALI
1256,SEKER
23455,SEKER
2992,BARBUNYA
263,SEKER
13614,BARBUNYA
22006,HOROZ
24337,SIRA
1097,SEKER
21240,HOROZ
22552,SEKER
10445,DERMASON
17777,BOMBAY
18548,BOMBAY
5804,HOROZ
10185,DERMASON
17609,BOMBAY
5227,CALI
3821,BOMBAY
16976,BOMBAY
14937,BARBUNYA
2546,BARBUNYA
14307,BARBUNYA
14111,BARBUNYA
9622,SIRA
14470,BARBUNYA
14952,BARBUNYA
7516,SIRA
10198,DERMASON
22536,SEKER
5802,HOROZ
12354,DERMASON
15355,BARBUNYA
9115,SIRA
10600,DERMASON
4010,CALI
4591,CALI
7070,HOROZ
14186,BARBUNYA
5135,CALI
13197,SIRA
23655,SEKER
4978,CALI
11717,DERMASON
20068,CALI
12102,DERMASON
7363,DERMASON
6864,HOROZ
22719,SEKER
224,SEKER
23254,SEKER
3846,BOMBAY
24358,SIRA
22156,HOROZ
18936,CALI
11888,DERMASON
1504,SEKER
3018,BARBUNYA
19542,CALI
18403,BOMBAY
19321,CALI
13954,BARBUNYA
18483,BOMBAY
3261,BARBUNYA
8777,SIRA
17567,BOMBAY
13941,BARBUNYA
19365,CALI
24712,SIRA
10466,DERMASON
4159,CALI
22127,HOROZ
5846,HOROZ
8518,SIRA
12971,DERMASON
15879,BOMBAY
18559,BOMBAY
9144,SIRA
9375,SIRA
16355,BOMBAY
23995,SIRA
3511,BOMBAY
6087,HOROZ
433,SEKER
24752,SIRA
10159,DERMASON
23140,SEKER
14305,BARBUNYA
20352,CALI
1535,SEKER
2878,BARBUNYA
8182,SIRA
1272,SEKER
12968,DERMASON
15172,BARBUNYA
4851,CALI
9939,SIRA
4707,CALI
21439,HOROZ
5070,CALI
17104,BOMBAY
12937,DERMASON
15056,BARBUNYA
18335,BOMBAY
5662,HOROZ
18044,BOMBAY
10820,DERMASON
11389,DERMASON
11402,DERMASON
10663,DERMASON
18798,CALI
16798,BOMBAY
16606,BOMBAY
7486,SIRA
23872,SEKER
4309,CALI
4028,BARBUNYA
23815,SEKER
12528,DERMASON
18496,BOMBAY
7499,SIRA
245,SEKER
12256,DERMASON
19679,CALI
7152,HOROZ
308,SEKER
9578,SIRA
13593,BARBUNYA
7650,SIRA
18377,BOMBAY
13002,DERMASON
22859,SEKER
4879,CALI
12540,DERMASON
17870,BOMBAY
22452,SEKER
13083,DERMASON
24191,SIRA
21693,HOROZ
18167,BOMBAY
22660,SEKER
23263,SEKER
2405,BARBUNYA
10842,DERMASON
13412,SEKER
23633,SEKER
19478,CALI
12020,DERMASON
16049,BOMBAY
21985,HOROZ
23284,SEKER
11131,DERMASON
13972,BARBUNYA
13722,BARBUNYA
17635,BOMBAY
5474,CALI
14137,BARBUNYA
2267,BARBUNYA
3929,CALI
19622,CALI
8887,SIRA
21362,HOROZ
1166,SEKER
7840,SIRA
6550,HOROZ
12230,DERMASON
7752,SIRA
4388,CALI
22794,SEKER
18101,BOMBAY
6808,HOROZ
24264,SIRA
14723,BARBUNYA
13729,BARBUNYA
3353,BOMBAY
18916,CALI
9163,SIRA
14545,BARBUNYA
22893,SEKER
5405,CALI
11099,DERMASON
19930,CALI
19066,BARBUNYA
4724,CALI
21099,HOROZ
18433,BOMBAY
10741,DERMASON
1371,SEKER
21459,HOROZ
5500,CALI
14412,BARBUNYA
14734,BARBUNYA
1205,SEKER
10881,DERMASON
22063,HOROZ
8213,SIRA
4455,CALI
5511,HOROZ
18114,BOMBAY
8665,SIRA
4290,CALI
10911,DERMASON
9299,SIRA
14982,BARBUNYA
20802,HOROZ
5762,HOROZ
2927,BARBUNYA
16649,BOMBAY
1870,SEKER
8574,SIRA
17656,BOMBAY
586,SEKER
13842,BARBUNYA
11605,DERMASON
12324,DERMASON
3043,BARBUNYA
8404,SIRA
17791,BOMBAY
23850,SEKER
18334,BOMBAY
24028,SIRA
9419,SIRA
17408,BOMBAY
15270,BARBUNYA
11119,DERMASON
14115,BARBUNYA
9084,SIRA
22591,SEKER
1187,SEKER
10235,DERMASON
24330,SIRA
12767,DERMASON
19764,CALI
16922,BOMBAY
23996,SIRA
10356,DERMASON
12747,DERMASON
13505,SIRA
5260,CALI
17830,BOMBAY
10999,DERMASON
19516,CALI
6592,HOROZ
6549,HOROZ
13462,SIRA
23807,SEKER
1039,SEKER
2133,BARBUNYA
19344,CALI
12684,DERMASON
6258,HOROZ
3334,BARBUNYA
9085,SIRA
7751,SIRA
24686,SIRA
826,SEKER
7889,SIRA
13469,DERMASON
8206,SIRA
1144,SEKER
7706,SIRA
7442,DERMASON
16236,BOMBAY
1158,SEKER
8447,SIRA
16817,BOMBAY
7168,HOROZ
16039,BOMBAY
5174,CALI
1302,SEKER
20973,HOROZ
11682,DERMASON
19137,CALI
9315,SIRA
9056,SIRA
10229,DERMASON
6595,HOROZ
18533,BOMBAY
14836,BARBUNYA
5995,HOROZ
3106,BARBUNYA
16659,BOMBAY
10915,DERMASON
16461,BOMBAY
12908,DERMASON
4771,CALI
9048,SIRA
23747,SEKER
16974,BOMBAY
11026,DERMASON
12825,DERMASON
16313,BOMBAY
22933,SEKER
7285,HOROZ
4205,CALI
24359,SIRA
13056,DERMASON
11917,DERMASON
2893,BARBUNYA
15073,BARBUNYA
12551,DERMASON
17411,BOMBAY
7112,HOROZ
218,SEKER
18893,CALI
21763,HOROZ
9687,SIRA
23189,SEKER
4472,CALI
8815,SIRA
2876,BARBUNYA
6463,HOROZ
16451,BOMBAY
16434,BOMBAY
3208,BARBUNYA
20122,CALI
22684,SEKER
11467,DERMASON
24393,SIRA
8010,SIRA
8936,SIRA
3115,BARBUNYA
5979,HOROZ
17507,BOMBAY
11165,DERMASON
3941,CALI
10863,DERMASON
10212,DERMASON
1604,SEKER
3693,BOMBAY
18094,BOMBAY
23557,SEKER
22093,HOROZ
11573,DERMASON
962,SEKER
23363,SEKER
5262,CALI
10404,DERMASON
7551,SIRA
16040,BOMBAY
327,SEKER
17619,BOMBAY
19754,CALI
16076,BOMBAY
23947,SIRA
12095,DERMASON
20814,HOROZ
20330,CALI
23887,SEKER
2349,CALI
9633,SIRA
7449,DERMASON
11899,DERMASON
10215,DERMASON
15296,BARBUNYA
618,SEKER
17068,BOMBAY
18766,BOMBAY
20841,HOROZ
12276,DERMASON
2457,BARBUNYA
5107,CALI
9653,SIRA
11325,DERMASON
22652,SEKER
15575,BARBUNYA
12184,DERMASON
12560,DERMASON
3295,BARBUNYA
4401,CALI
2310,BARBUNYA
22388,HOROZ
2403,BARBUNYA
9092,SIRA
878,SEKER
12221,DERMASON
2109,HOROZ
18337,BOMBAY
17471,BOMBAY
6418,HOROZ
13194,SIRA
410,SEKER
10398,DERMASON
3899,HOROZ
20655,CALI
6394,HOROZ
24213,SIRA
2189,BARBUNYA
17009,BOMBAY
16169,BOMBAY
8388,SIRA
12189,DERMASON
24391,DERMASON
16740,BOMBAY
12813,DERMASON
23808,SEKER
18999,CALI
8196,SIRA
4585,CALI
19753,CALI
4772,CALI
6688,HOROZ
12409,DERMASON
22907,SEKER
4417,CALI
14967,BARBUNYA
14840,BARBUNYA
17472,BOMBAY
4871,CALI
12238,DERMASON
14064,BARBUNYA
13093,DERMASON
7806,SIRA
15287,BARBUNYA
16276,BOMBAY
5863,HOROZ
19833,CALI
7403,DERMASON
8692,SIRA
4714,CALI
2319,BARBUNYA
17846,BOMBAY
22782,SEKER
14192,BARBUNYA
3062,BARBUNYA
22141,HOROZ
1006,SEKER
6586,HOROZ
24690,SEKER
21413,HOROZ
22146,HOROZ
8203,SIRA
23364,SEKER
2247,BARBUNYA
14198,BARBUNYA
6235,HOROZ
6501,HOROZ
21586,HOROZ
24768,SIRA
10676,DERMASON
7569,SIRA
22029,HOROZ
21212,HOROZ
21751,HOROZ
3437,BOMBAY
11526,DERMASON
20569,CALI
4223,CALI
1355,SEKER
15526,BARBUNYA
19415,CALI
13536,SIRA
15571,SIRA
17207,BOMBAY
18713,BOMBAY
5514,DERMASON
14297,BARBUNYA
10606,DERMASON
12140,DERMASON
13836,BARBUNYA
11286,DERMASON
24789,SIRA
24198,SIRA
10819,DERMASON
3102,BARBUNYA
59,SEKER
7672,SIRA
8962,SIRA
13438,DERMASON
1163,SEKER
9997,DERMASON
2458,BARBUNYA
23490,SEKER
19970,CALI
20064,CALI
20596,CALI
10952,DERMASON
10994,DERMASON
16430,BOMBAY
17730,BOMBAY
18596,BOMBAY
21665,HOROZ
6815,HOROZ
16942,BOMBAY
3472,BOMBAY
19301,CALI
18253,BOMBAY
7964,SIRA
14494,BARBUNYA
24277,SIRA
23757,SEKER
2146,BARBUNYA
16188,BOMBAY
22873,SEKER
16262,BOMBAY
17820,BOMBAY
24411,SIRA
21294,HOROZ
610,SEKER
12892,DERMASON
6664,HOROZ
643,SEKER
6965,HOROZ
18090,BOMBAY
23613,SEKER
7405,DERMASON
7029,HOROZ
23968,SIRA
19450,CALI
4877,CALI
102,SEKER
20977,HOROZ
17282,BOMBAY
15729,BARBUNYA
24323,SIRA
6872,HOROZ
13881,BARBUNYA
24528,SIRA
18505,BOMBAY
11784,DERMASON
4696,CALI
24755,SIRA
20479,CALI
20276,CALI
24489,SIRA
12114,DERMASON
23497,SEKER
360,SEKER
12036,DERMASON
2910,BARBUNYA
6508,HOROZ
2199,BARBUNYA
23172,SEKER
4139,BARBUNYA
3505,BOMBAY
18987,CALI
11490,DERMASON
24619,SIRA
21480,HOROZ
21714,HOROZ
13000,DERMASON
11643,DERMASON
5934,HOROZ
23983,SIRA
1522,SEKER
23353,SEKER
21823,HOROZ
23812,SEKER
2182,BARBUNYA
3496,BOMBAY
6978,HOROZ
4832,CALI
20196,CALI
16318,BOMBAY
8583,SIRA
5887,HOROZ
12981,SIRA
21419,HOROZ
2445,BARBUNYA
3375,BOMBAY
2950,BARBUNYA
14081,BARBUNYA
19036,CALI
20142,CALI
2826,BARBUNYA
8668,SIRA
17012,BOMBAY
14702,BARBUNYA
7828,SIRA
23796,SEKER
13903,BARBUNYA
22666,SEKER
22683,SEKER
9159,SIRA
19707,CALI
10385,DERMASON
1796,SEKER
6223,HOROZ
12863,DERMASON
22888,SEKER
13626,BARBUNYA
14832,BARBUNYA
21388,HOROZ
6663,HOROZ
21942,HOROZ
12322,DERMASON
14774,BARBUNYA
7660,DERMASON
15983,BOMBAY
24496,SIRA
23800,SEKER
13577,BARBUNYA
16096,BOMBAY
21481,HOROZ
18813,CALI
24743,SIRA
16171,BOMBAY
15062,BARBUNYA
14793,BARBUNYA
13590,BARBUNYA
4751,CALI
12770,DERMASON
14838,BARBUNYA
14152,BARBUNYA
4505,CALI
23405,SEKER
9331,SIRA
23413,SEKER
17746,BOMBAY
10052,DERMASON
2799,BARBUNYA
2235,HOROZ
7175,HOROZ
15684,BARBUNYA
7198,HOROZ
13935,BARBUNYA
24215,SIRA
10319,DERMASON
8413,SIRA
3214,BARBUNYA
11651,DERMASON
22579,SEKER
18473,BOMBAY
20913,HOROZ
9000,SIRA
13609,BARBUNYA
14782,BARBUNYA
7912,SIRA
17479,BOMBAY
4024,CALI
17678,BOMBAY
14275,BARBUNYA
13132,SIRA
24401,SIRA
18704,BOMBAY
14722,BARBUNYA
1748,SEKER
584,SEKER
20807,HOROZ
11615,DERMASON
6366,HOROZ
2644,BARBUNYA
2315,BARBUNYA
19634,CALI
17004,BOMBAY
12887,DERMASON
21071,HOROZ
10950,DERMASON
20890,HOROZ
4013,CALI
16025,BOMBAY
695,SEKER
12710,SEKER
1020,SEKER
11423,DERMASON
1533,SEKER
3518,BOMBAY
483,SEKER
24492,SIRA
13005,DERMASON
23331,SEKER
2712,BARBUNYA
21853,HOROZ
21320,HOROZ
22060,HOROZ
24451,SIRA
5584,HOROZ
6580,HOROZ
13075,DERMASON
13447,SIRA
16503,BOMBAY
6119,HOROZ
14447,BARBUNYA
12282,DERMASON
5732,HOROZ
12244,DERMASON
5553,HOROZ
3947,HOROZ
15276,BARBUNYA
3284,BARBUNYA
4269,BARBUNYA
15019,BARBUNYA
16773,BOMBAY
1624,SEKER
6497,HOROZ
9844,SIRA
22353,CALI
23799,SEKER
17714,BOMBAY
20667,CALI
17423,BOMBAY
3122,CALI
19928,CALI
790,SEKER
20810,HOROZ
499,SEKER
1576,SEKER
13332,DERMASON
335,SEKER
17452,BOMBAY
8450,SIRA
11359,DERMASON
8293,SIRA
24671,SIRA
4560,CALI
2621,BARBUNYA
2112,BARBUNYA
8703,SIRA
9128,SIRA
15687,BARBUNYA
18511,BOMBAY
24125,SIRA
6482,HOROZ
3479,BOMBAY
16558,BOMBAY
17884,BOMBAY
6703,HOROZ
18687,BOMBAY
3615,BOMBAY
2003,SEKER
1330,SEKER
2855,BARBUNYA
20926,HOROZ
18346,BOMBAY
17818,BOMBAY
13400,DERMASON
15777,BOMBAY
8164,SIRA
4072,CALI
19617,CALI
7763,SIRA
1703,SEKER
8057,SIRA
17646,BOMBAY
5379,CALI
23337,SEKER
4874,CALI
31,SEKER
697,SEKER
7827,SIRA
23993,SIRA
631,SEKER
18828,CALI
17276,BOMBAY
15974,BOMBAY
4767,CALI
